customer_id,segment,province,income_band,risk_grade,birth_year,gender
SH0000001,emerging_affluent,Long An,10m_to_25m,A,1982,female
SH0000002,emerging_affluent,Bac Ninh,under_10m,C,1985,male
SH0000003,emerging_affluent,Thanh Hoa,under_10m,B,1991,male
SH0000004,emerging_affluent,Ha Noi,10m_to_25m,D,1993,male
SH0000005,emerging_affluent,Hai Phong,under_10m,C,2001,male
SH0000006,mass,Ho Chi Minh City,10m_to_25m,E,1981,male
SH0000007,mass,Ho Chi Minh City,under_10m,C,1984,male
SH0000008,mass,Dong Nai,10m_to_25m,D,1968,male
SH0000009,mass,Hai Phong,under_10m,C,1997,female
SH0000010,mass,Ho Chi Minh City,10m_to_25m,C,1984,female
SH0000011,mass,Khanh Hoa,under_10m,B,1983,male
SH0000012,mass,Long An,10m_to_25m,C,1988,female
SH0000013,mass,Thanh Hoa,under_10m,B,1977,male
SH0000014,mass,Hai Phong,under_10m,B,2002,male
SH0000015,emerging_affluent,Binh Duong,10m_to_25m,C,1987,male
SH0000016,mass,Ha Noi,under_10m,D,1993,male
SH0000017,mass,Ha Noi,10m_to_25m,C,1985,male
SH0000018,mass,Ho Chi Minh City,under_10m,A,1979,male
SH0000019,mass,Can Tho,under_10m,E,2002,male
SH0000020,mass,Thanh Hoa,under_10m,A,1983,female
SH0000021,mass,Thanh Hoa,10m_to_25m,B,1973,male
SH0000022,mass,Nghe An,under_10m,C,1970,female
SH0000023,mass,Long An,under_10m,C,1968,male
SH0000024,mass,Ho Chi Minh City,10m_to_25m,B,1977,female
SH0000025,mass,Hai Phong,under_10m,E,1979,male
SH0000026,mass,Hai Phong,10m_to_25m,C,1983,female
SH0000027,mass,Khanh Hoa,under_10m,C,1984,female
SH0000028,emerging_affluent,Ho Chi Minh City,over_25m,B,1977,female
SH0000029,mass,Ha Noi,10m_to_25m,D,1992,female
SH0000030,emerging_affluent,Ha Noi,under_10m,A,1970,female
SH0000031,emerging_affluent,Ho Chi Minh City,under_10m,E,1999,female
SH0000032,mass,Dong Nai,over_25m,B,1986,male
SH0000033,emerging_affluent,Bac Ninh,10m_to_25m,D,2005,male
SH0000034,mass,Nghe An,10m_to_25m,C,1981,male
SH0000035,mass,Ha Noi,over_25m,B,1995,male
SH0000036,mass,Binh Duong,under_10m,C,1994,female
SH0000037,emerging_affluent,Ho Chi Minh City,over_25m,C,1977,male
SH0000038,mass,Ho Chi Minh City,under_10m,C,2004,male
SH0000039,mass,Bac Ninh,under_10m,D,1993,male
SH0000040,mass,Thanh Hoa,under_10m,E,1968,male
SH0000041,mass,Ho Chi Minh City,over_25m,B,1985,female
SH0000042,mass,Ha Noi,10m_to_25m,B,1994,male
SH0000043,mass,Da Nang,over_25m,D,2004,male
SH0000044,mass,Hai Phong,under_10m,D,1975,female
SH0000045,mass,Ho Chi Minh City,over_25m,C,1986,male
SH0000046,mass,Ho Chi Minh City,10m_to_25m,D,1976,male
SH0000047,emerging_affluent,Ho Chi Minh City,10m_to_25m,B,1974,female
SH0000048,mass,Da Nang,10m_to_25m,B,2002,male
SH0000049,mass,Khanh Hoa,under_10m,B,1971,female
SH0000050,mass,Ho Chi Minh City,under_10m,C,1986,female
SH0000051,mass,Nghe An,over_25m,D,1978,female
SH0000052,mass,Ho Chi Minh City,under_10m,C,2003,male
SH0000053,mass,Ho Chi Minh City,under_10m,D,1980,male
SH0000054,mass,Da Nang,10m_to_25m,D,1974,female
SH0000055,mass,Khanh Hoa,10m_to_25m,B,1996,female
SH0000056,emerging_affluent,Khanh Hoa,10m_to_25m,C,1993,female
SH0000057,mass,Ho Chi Minh City,under_10m,B,1970,male
SH0000058,mass,Ho Chi Minh City,under_10m,C,1974,male
SH0000059,mass,Long An,under_10m,C,2002,female
SH0000060,emerging_affluent,Nghe An,10m_to_25m,C,1967,male
SH0000061,mass,Da Nang,over_25m,B,1973,female
SH0000062,emerging_affluent,Ha Noi,under_10m,E,1994,male
SH0000063,mass,Binh Duong,10m_to_25m,D,1997,female
SH0000064,mass,Ha Noi,under_10m,C,1971,male
SH0000065,mass,Da Nang,10m_to_25m,D,1988,female
SH0000066,mass,Thanh Hoa,over_25m,B,1997,male
SH0000067,mass,Ho Chi Minh City,10m_to_25m,C,1991,female
SH0000068,emerging_affluent,Can Tho,under_10m,C,1986,male
SH0000069,emerging_affluent,Ha Noi,under_10m,C,1971,male
SH0000070,emerging_affluent,Thanh Hoa,10m_to_25m,C,1970,male
SH0000071,emerging_affluent,Da Nang,under_10m,D,1994,female
SH0000072,mass,Ha Noi,10m_to_25m,A,1968,male
SH0000073,mass,Hai Phong,under_10m,B,1977,female
SH0000074,mass,Bac Ninh,over_25m,D,1993,male
SH0000075,emerging_affluent,Da Nang,10m_to_25m,C,1969,female
SH0000076,mass,Da Nang,under_10m,B,2000,female
SH0000077,mass,Ho Chi Minh City,under_10m,A,2002,male
SH0000078,emerging_affluent,Da Nang,under_10m,D,1975,male
SH0000079,emerging_affluent,Bac Ninh,10m_to_25m,D,2003,male
SH0000080,mass,Ho Chi Minh City,10m_to_25m,D,1987,female
SH0000081,emerging_affluent,Hai Phong,under_10m,B,1971,male
SH0000082,mass,Thanh Hoa,under_10m,C,1965,male
SH0000083,mass,Hai Phong,under_10m,B,1994,male
SH0000084,emerging_affluent,Bac Ninh,10m_to_25m,C,1983,male
SH0000085,mass,Khanh Hoa,10m_to_25m,C,1977,male
SH0000086,mass,Ha Noi,under_10m,C,1970,male
SH0000087,mass,Ha Noi,under_10m,C,1976,male
SH0000088,mass,Long An,under_10m,C,1989,male
SH0000089,mass,Ho Chi Minh City,under_10m,C,1982,male
SH0000090,mass,Khanh Hoa,10m_to_25m,B,1975,female
SH0000091,mass,Binh Duong,under_10m,C,1982,female
SH0000092,emerging_affluent,Thanh Hoa,10m_to_25m,C,1976,female
SH0000093,mass,Ha Noi,under_10m,A,1999,female
SH0000094,mass,Ha Noi,under_10m,B,1994,male
SH0000095,emerging_affluent,Bac Ninh,over_25m,C,1965,female
SH0000096,mass,Binh Duong,under_10m,E,1968,female
SH0000097,mass,Hai Phong,10m_to_25m,C,1977,female
SH0000098,mass,Ha Noi,10m_to_25m,B,1994,male
SH0000099,mass,Bac Ninh,10m_to_25m,E,2005,female
SH0000100,mass,Binh Duong,under_10m,D,1966,male
SH0000101,mass,Bac Ninh,over_25m,A,1971,female
SH0000102,mass,Ho Chi Minh City,10m_to_25m,C,1965,male
SH0000103,mass,Ha Noi,10m_to_25m,C,1999,female
SH0000104,mass,Ha Noi,10m_to_25m,B,2003,female
SH0000105,emerging_affluent,Khanh Hoa,10m_to_25m,D,1996,male
SH0000106,mass,Khanh Hoa,10m_to_25m,C,1986,male
SH0000107,mass,Bac Ninh,under_10m,B,2002,male
SH0000108,emerging_affluent,Ho Chi Minh City,under_10m,B,1970,female
SH0000109,mass,Ho Chi Minh City,10m_to_25m,E,1976,female
SH0000110,emerging_affluent,Long An,over_25m,D,1976,female
SH0000111,mass,Hai Phong,10m_to_25m,C,2000,female
SH0000112,emerging_affluent,Khanh Hoa,over_25m,B,1998,female
SH0000113,mass,Long An,under_10m,D,1979,female
SH0000114,mass,Hai Phong,over_25m,C,1968,female
SH0000115,emerging_affluent,Ho Chi Minh City,over_25m,D,1987,male
SH0000116,mass,Ho Chi Minh City,under_10m,C,1996,female
SH0000117,emerging_affluent,Da Nang,10m_to_25m,A,2000,female
SH0000118,emerging_affluent,Dong Nai,under_10m,C,1975,female
SH0000119,emerging_affluent,Ha Noi,10m_to_25m,B,1981,male
SH0000120,emerging_affluent,Ha Noi,under_10m,C,1983,male
SH0000121,mass,Ha Noi,under_10m,B,2001,male
SH0000122,emerging_affluent,Thanh Hoa,under_10m,C,1986,male
SH0000123,mass,Binh Duong,10m_to_25m,C,2005,male
SH0000124,mass,Bac Ninh,under_10m,A,1979,male
SH0000125,mass,Ho Chi Minh City,under_10m,C,1983,female
SH0000126,mass,Bac Ninh,under_10m,D,1980,male
SH0000127,mass,Ha Noi,10m_to_25m,C,2002,female
SH0000128,mass,Ha Noi,under_10m,B,1979,female
SH0000129,emerging_affluent,Ho Chi Minh City,10m_to_25m,C,1988,female
SH0000130,mass,Hai Phong,10m_to_25m,D,1975,female
SH0000131,mass,Ho Chi Minh City,10m_to_25m,E,1988,female
SH0000132,mass,Khanh Hoa,over_25m,B,1977,male
SH0000133,mass,Ha Noi,10m_to_25m,B,1967,male
SH0000134,mass,Ho Chi Minh City,under_10m,C,1983,male
SH0000135,mass,Ho Chi Minh City,under_10m,B,1981,male
SH0000136,mass,Ha Noi,10m_to_25m,B,1981,male
SH0000137,mass,Hai Phong,under_10m,B,1999,female
SH0000138,mass,Hai Phong,under_10m,E,1984,male
SH0000139,mass,Nghe An,under_10m,B,1994,male
SH0000140,mass,Ha Noi,under_10m,B,1993,female
SH0000141,mass,Ho Chi Minh City,10m_to_25m,A,1988,male
SH0000142,mass,Nghe An,10m_to_25m,D,1976,male
SH0000143,mass,Khanh Hoa,over_25m,C,1983,female
SH0000144,emerging_affluent,Ha Noi,10m_to_25m,B,1986,male
SH0000145,mass,Ha Noi,under_10m,A,1968,female
SH0000146,mass,Binh Duong,10m_to_25m,B,1970,female
SH0000147,mass,Dong Nai,10m_to_25m,B,1970,female
SH0000148,mass,Khanh Hoa,under_10m,E,1988,female
SH0000149,emerging_affluent,Ha Noi,10m_to_25m,C,2001,male
SH0000150,mass,Ho Chi Minh City,under_10m,C,2005,female
SH0000151,mass,Ho Chi Minh City,over_25m,B,1989,female
SH0000152,mass,Long An,10m_to_25m,D,1996,female
SH0000153,mass,Thanh Hoa,10m_to_25m,A,2005,male
SH0000154,mass,Thanh Hoa,under_10m,D,1991,male
SH0000155,emerging_affluent,Hai Phong,under_10m,B,1971,female
SH0000156,mass,Nghe An,10m_to_25m,D,1991,female
SH0000157,emerging_affluent,Ho Chi Minh City,10m_to_25m,D,1986,female
SH0000158,emerging_affluent,Ha Noi,over_25m,D,1985,male
SH0000159,mass,Ho Chi Minh City,over_25m,C,1995,female
SH0000160,mass,Thanh Hoa,under_10m,C,1988,female
SH0000161,emerging_affluent,Da Nang,10m_to_25m,B,1989,male
SH0000162,mass,Can Tho,under_10m,C,1966,male
SH0000163,mass,Thanh Hoa,10m_to_25m,D,1974,male
SH0000164,mass,Ho Chi Minh City,10m_to_25m,C,1983,male
SH0000165,emerging_affluent,Ho Chi Minh City,10m_to_25m,C,1984,female
SH0000166,mass,Ho Chi Minh City,10m_to_25m,D,1996,female
SH0000167,emerging_affluent,Long An,under_10m,B,2005,female
SH0000168,mass,Can Tho,10m_to_25m,C,1981,female
SH0000169,mass,Ho Chi Minh City,over_25m,C,1975,female
SH0000170,mass,Ha Noi,under_10m,D,1966,female
SH0000171,mass,Ha Noi,over_25m,B,2003,male
SH0000172,mass,Dong Nai,under_10m,C,1972,male
SH0000173,emerging_affluent,Binh Duong,under_10m,C,1999,female
SH0000174,mass,Ho Chi Minh City,over_25m,D,1965,female
SH0000175,mass,Dong Nai,10m_to_25m,C,1985,male
SH0000176,emerging_affluent,Ho Chi Minh City,10m_to_25m,E,1971,male
SH0000177,mass,Bac Ninh,under_10m,B,1973,male
SH0000178,mass,Ha Noi,10m_to_25m,C,1986,female
SH0000179,emerging_affluent,Ha Noi,10m_to_25m,C,2005,female
SH0000180,mass,Binh Duong,under_10m,B,1967,female
SH0000181,emerging_affluent,Da Nang,under_10m,E,1995,female
SH0000182,mass,Hai Phong,over_25m,B,2001,male
SH0000183,mass,Thanh Hoa,10m_to_25m,C,1970,male
SH0000184,emerging_affluent,Ha Noi,10m_to_25m,C,1991,female
SH0000185,mass,Long An,under_10m,C,2003,female
SH0000186,mass,Ha Noi,over_25m,D,1976,female
SH0000187,mass,Thanh Hoa,over_25m,C,1992,female
SH0000188,mass,Thanh Hoa,10m_to_25m,C,1994,female
SH0000189,mass,Binh Duong,under_10m,C,1991,male
SH0000190,mass,Ho Chi Minh City,10m_to_25m,C,1977,male
SH0000191,emerging_affluent,Ha Noi,over_25m,B,1973,female
SH0000192,mass,Ha Noi,under_10m,B,1976,female
SH0000193,mass,Thanh Hoa,10m_to_25m,E,1973,female
SH0000194,mass,Ha Noi,under_10m,E,1986,male
SH0000195,mass,Khanh Hoa,over_25m,C,1965,male
SH0000196,emerging_affluent,Hai Phong,under_10m,C,1993,male
SH0000197,mass,Nghe An,over_25m,E,1978,male
SH0000198,emerging_affluent,Nghe An,10m_to_25m,D,1969,male
SH0000199,mass,Long An,under_10m,B,1974,male
SH0000200,mass,Khanh Hoa,10m_to_25m,D,1988,male
SH0000201,emerging_affluent,Ho Chi Minh City,10m_to_25m,B,1978,female
SH0000202,mass,Ha Noi,over_25m,B,2003,male
SH0000203,emerging_affluent,Hai Phong,over_25m,A,1990,female
SH0000204,mass,Binh Duong,over_25m,C,1983,male
SH0000205,mass,Khanh Hoa,10m_to_25m,C,1972,male
SH0000206,emerging_affluent,Long An,over_25m,C,1969,male
SH0000207,mass,Binh Duong,10m_to_25m,C,2005,male
SH0000208,mass,Da Nang,10m_to_25m,D,2002,female
SH0000209,emerging_affluent,Can Tho,10m_to_25m,C,1978,male
SH0000210,emerging_affluent,Ha Noi,under_10m,B,1977,female
SH0000211,mass,Ha Noi,under_10m,D,1967,male
SH0000212,emerging_affluent,Da Nang,under_10m,B,1967,female
SH0000213,emerging_affluent,Khanh Hoa,under_10m,C,1987,female
SH0000214,emerging_affluent,Ha Noi,10m_to_25m,D,1994,male
SH0000215,mass,Ho Chi Minh City,10m_to_25m,B,1973,female
SH0000216,mass,Ho Chi Minh City,10m_to_25m,C,1993,female
SH0000217,mass,Ha Noi,under_10m,D,1991,female
SH0000218,mass,Bac Ninh,under_10m,C,2003,male
SH0000219,mass,Da Nang,10m_to_25m,D,1988,male
SH0000220,mass,Ho Chi Minh City,10m_to_25m,B,1976,male
SH0000221,mass,Binh Duong,under_10m,B,1998,male
SH0000222,mass,Ha Noi,10m_to_25m,A,1979,male
SH0000223,mass,Ha Noi,under_10m,D,2001,male
SH0000224,emerging_affluent,Hai Phong,under_10m,B,1984,female
SH0000225,mass,Ho Chi Minh City,under_10m,B,1992,male
SH0000226,mass,Ho Chi Minh City,over_25m,B,1979,male
SH0000227,mass,Ha Noi,10m_to_25m,B,1979,female
SH0000228,mass,Nghe An,under_10m,B,1983,female
SH0000229,emerging_affluent,Ho Chi Minh City,10m_to_25m,C,1999,male
SH0000230,mass,Ha Noi,under_10m,E,1968,female
SH0000231,emerging_affluent,Bac Ninh,10m_to_25m,C,1971,male
SH0000232,mass,Bac Ninh,10m_to_25m,B,1991,male
SH0000233,emerging_affluent,Ha Noi,10m_to_25m,C,1969,female
SH0000234,mass,Hai Phong,over_25m,E,1994,male
SH0000235,mass,Ho Chi Minh City,10m_to_25m,C,1983,male
SH0000236,mass,Ha Noi,under_10m,A,1977,male
SH0000237,mass,Bac Ninh,10m_to_25m,D,1980,female
SH0000238,emerging_affluent,Dong Nai,10m_to_25m,C,2005,male
SH0000239,emerging_affluent,Nghe An,10m_to_25m,A,1981,female
SH0000240,mass,Da Nang,under_10m,D,1971,female
SH0000241,mass,Dong Nai,10m_to_25m,B,1984,female
SH0000242,mass,Ha Noi,under_10m,B,1982,female
SH0000243,emerging_affluent,Dong Nai,over_25m,D,1986,female
SH0000244,emerging_affluent,Binh Duong,under_10m,B,1980,female
SH0000245,emerging_affluent,Dong Nai,10m_to_25m,C,1988,female
SH0000246,mass,Can Tho,10m_to_25m,D,1967,male
SH0000247,mass,Ha Noi,10m_to_25m,C,2000,male
SH0000248,mass,Ha Noi,under_10m,C,1970,male
SH0000249,mass,Bac Ninh,under_10m,B,1986,male
SH0000250,emerging_affluent,Ho Chi Minh City,under_10m,D,1982,female
SH0000251,emerging_affluent,Ha Noi,10m_to_25m,C,1991,male
SH0000252,mass,Ho Chi Minh City,over_25m,E,1992,male
SH0000253,emerging_affluent,Khanh Hoa,under_10m,E,1977,female
SH0000254,mass,Ha Noi,10m_to_25m,B,1994,female
SH0000255,mass,Nghe An,under_10m,A,1988,male
SH0000256,mass,Ha Noi,under_10m,E,1973,male
SH0000257,emerging_affluent,Binh Duong,over_25m,D,1994,male
SH0000258,emerging_affluent,Ha Noi,10m_to_25m,C,2004,female
SH0000259,mass,Hai Phong,10m_to_25m,C,1993,male
SH0000260,mass,Can Tho,under_10m,D,1994,male
SH0000261,mass,Nghe An,under_10m,B,1990,male
SH0000262,mass,Ha Noi,over_25m,E,1966,male
SH0000263,mass,Ho Chi Minh City,under_10m,C,1971,male
SH0000264,mass,Bac Ninh,under_10m,D,2000,female
SH0000265,mass,Long An,under_10m,B,2003,male
SH0000266,mass,Hai Phong,10m_to_25m,C,1982,male
SH0000267,mass,Ho Chi Minh City,under_10m,B,1991,female
SH0000268,emerging_affluent,Ha Noi,under_10m,B,1989,male
SH0000269,mass,Da Nang,over_25m,C,1985,female
SH0000270,mass,Hai Phong,10m_to_25m,B,1994,female
SH0000271,mass,Ha Noi,over_25m,C,2005,female
SH0000272,mass,Da Nang,10m_to_25m,C,1983,female
SH0000273,mass,Thanh Hoa,10m_to_25m,C,1990,female
SH0000274,mass,Ha Noi,10m_to_25m,C,1966,female
SH0000275,emerging_affluent,Khanh Hoa,under_10m,B,1973,male
SH0000276,emerging_affluent,Long An,under_10m,B,1969,female
SH0000277,mass,Ho Chi Minh City,10m_to_25m,D,1973,female
SH0000278,mass,Thanh Hoa,under_10m,C,1997,male
SH0000279,mass,Ho Chi Minh City,10m_to_25m,D,1977,male
SH0000280,emerging_affluent,Da Nang,10m_to_25m,D,1973,male
SH0000281,mass,Dong Nai,under_10m,C,1974,male
SH0000282,emerging_affluent,Ho Chi Minh City,under_10m,B,1979,male
SH0000283,mass,Thanh Hoa,under_10m,D,1977,male
SH0000284,mass,Bac Ninh,over_25m,E,1984,female
SH0000285,emerging_affluent,Nghe An,10m_to_25m,A,2002,female
SH0000286,mass,Da Nang,under_10m,C,1996,female
SH0000287,mass,Bac Ninh,10m_to_25m,D,1969,female
SH0000288,emerging_affluent,Bac Ninh,under_10m,C,1995,male
SH0000289,mass,Long An,10m_to_25m,B,2003,male
SH0000290,mass,Ho Chi Minh City,over_25m,C,1967,female
SH0000291,mass,Long An,10m_to_25m,B,1972,female
SH0000292,mass,Ha Noi,10m_to_25m,B,2004,male
SH0000293,mass,Khanh Hoa,under_10m,B,1975,female
SH0000294,mass,Thanh Hoa,10m_to_25m,B,1992,male
SH0000295,mass,Can Tho,under_10m,C,2005,female
SH0000296,mass,Ha Noi,10m_to_25m,C,1974,male
SH0000297,mass,Ha Noi,over_25m,C,1981,female
SH0000298,mass,Long An,under_10m,E,1967,male
SH0000299,mass,Da Nang,10m_to_25m,B,1995,male
SH0000300,mass,Binh Duong,10m_to_25m,D,1987,female
SH0000301,mass,Ha Noi,under_10m,E,1976,female
SH0000302,emerging_affluent,Ho Chi Minh City,under_10m,A,1968,male
SH0000303,mass,Hai Phong,over_25m,D,1997,male
SH0000304,mass,Ha Noi,over_25m,B,1969,female
SH0000305,emerging_affluent,Long An,over_25m,D,1970,female
SH0000306,mass,Hai Phong,10m_to_25m,D,1971,female
SH0000307,mass,Ho Chi Minh City,10m_to_25m,C,1969,female
SH0000308,emerging_affluent,Khanh Hoa,over_25m,B,1996,female
SH0000309,mass,Dong Nai,10m_to_25m,E,1986,male
SH0000310,emerging_affluent,Thanh Hoa,under_10m,C,1992,male
SH0000311,mass,Dong Nai,over_25m,B,1968,female
SH0000312,emerging_affluent,Thanh Hoa,over_25m,B,1975,female
SH0000313,mass,Ho Chi Minh City,10m_to_25m,A,1989,male
SH0000314,mass,Dong Nai,10m_to_25m,A,1983,male
SH0000315,mass,Thanh Hoa,over_25m,A,1966,male
SH0000316,emerging_affluent,Ha Noi,10m_to_25m,D,1977,male
SH0000317,mass,Hai Phong,under_10m,A,1996,male
SH0000318,mass,Bac Ninh,10m_to_25m,C,1969,male
SH0000319,mass,Da Nang,over_25m,D,1991,male
SH0000320,mass,Can Tho,over_25m,D,1992,female
SH0000321,mass,Ha Noi,under_10m,B,1971,male
SH0000322,mass,Da Nang,under_10m,D,1995,female
SH0000323,emerging_affluent,Da Nang,10m_to_25m,C,1990,female
SH0000324,mass,Thanh Hoa,10m_to_25m,B,1982,female
SH0000325,mass,Ho Chi Minh City,10m_to_25m,B,1971,female
SH0000326,mass,Long An,10m_to_25m,B,1995,male
SH0000327,mass,Long An,10m_to_25m,B,2002,male
SH0000328,mass,Khanh Hoa,10m_to_25m,B,1978,female
SH0000329,mass,Khanh Hoa,under_10m,C,1992,male
SH0000330,mass,Ho Chi Minh City,10m_to_25m,B,1999,female
SH0000331,mass,Da Nang,10m_to_25m,C,1996,female
SH0000332,mass,Bac Ninh,10m_to_25m,D,1969,male
SH0000333,emerging_affluent,Long An,10m_to_25m,C,1984,female
SH0000334,mass,Bac Ninh,under_10m,A,1989,male
SH0000335,emerging_affluent,Can Tho,under_10m,C,1996,female
SH0000336,mass,Binh Duong,10m_to_25m,B,1981,female
SH0000337,mass,Dong Nai,over_25m,C,1996,male
SH0000338,emerging_affluent,Thanh Hoa,under_10m,B,1979,male
SH0000339,emerging_affluent,Ha Noi,over_25m,C,1988,male
SH0000340,emerging_affluent,Long An,under_10m,C,1992,female
SH0000341,emerging_affluent,Ha Noi,over_25m,D,1983,female
SH0000342,mass,Ha Noi,10m_to_25m,C,1972,female
SH0000343,emerging_affluent,Hai Phong,under_10m,B,1981,female
SH0000344,emerging_affluent,Ho Chi Minh City,under_10m,B,1969,female
SH0000345,mass,Binh Duong,under_10m,C,1965,female
SH0000346,mass,Ho Chi Minh City,10m_to_25m,A,1965,female
SH0000347,mass,Ha Noi,under_10m,A,1989,male
SH0000348,mass,Nghe An,under_10m,D,1978,female
SH0000349,mass,Ha Noi,10m_to_25m,C,1973,female
SH0000350,mass,Bac Ninh,10m_to_25m,C,1995,male
SH0000351,mass,Ho Chi Minh City,under_10m,C,1979,female
SH0000352,emerging_affluent,Long An,10m_to_25m,D,1966,male
SH0000353,mass,Long An,under_10m,B,1989,female
SH0000354,mass,Hai Phong,10m_to_25m,E,1982,male
SH0000355,emerging_affluent,Khanh Hoa,over_25m,A,1965,female
SH0000356,emerging_affluent,Thanh Hoa,over_25m,C,1997,male
SH0000357,mass,Da Nang,under_10m,C,1990,female
SH0000358,mass,Binh Duong,10m_to_25m,D,1986,male
SH0000359,emerging_affluent,Khanh Hoa,10m_to_25m,C,1977,female
SH0000360,mass,Ho Chi Minh City,over_25m,D,1969,male
SH0000361,emerging_affluent,Long An,under_10m,C,1980,male
SH0000362,mass,Ha Noi,over_25m,B,1983,male
SH0000363,mass,Nghe An,10m_to_25m,D,1978,male
SH0000364,emerging_affluent,Ho Chi Minh City,10m_to_25m,D,1966,male
SH0000365,mass,Dong Nai,over_25m,C,1991,male
SH0000366,mass,Ho Chi Minh City,under_10m,B,1983,male
SH0000367,mass,Long An,under_10m,A,1981,female
SH0000368,mass,Ha Noi,under_10m,A,1983,male
SH0000369,emerging_affluent,Can Tho,under_10m,C,1981,male
SH0000370,mass,Ha Noi,under_10m,C,1995,male
SH0000371,mass,Nghe An,10m_to_25m,D,2003,female
SH0000372,mass,Dong Nai,over_25m,E,1995,male
SH0000373,mass,Bac Ninh,under_10m,E,1987,male
SH0000374,emerging_affluent,Da Nang,under_10m,C,1971,female
SH0000375,mass,Da Nang,over_25m,B,1970,female
SH0000376,mass,Ha Noi,over_25m,C,2005,female
SH0000377,emerging_affluent,Ha Noi,under_10m,B,1985,male
SH0000378,mass,Nghe An,over_25m,B,1993,male
SH0000379,mass,Ho Chi Minh City,10m_to_25m,B,1981,female
SH0000380,mass,Ha Noi,under_10m,D,1983,male
SH0000381,mass,Ho Chi Minh City,under_10m,D,1999,male
SH0000382,mass,Ho Chi Minh City,under_10m,B,1992,female
SH0000383,emerging_affluent,Ho Chi Minh City,10m_to_25m,D,1998,male
SH0000384,mass,Thanh Hoa,under_10m,C,1998,female
SH0000385,mass,Ho Chi Minh City,over_25m,B,1990,male
SH0000386,mass,Ho Chi Minh City,under_10m,A,1979,male
SH0000387,mass,Ha Noi,under_10m,B,1980,male
SH0000388,mass,Ho Chi Minh City,10m_to_25m,E,1979,female
SH0000389,mass,Thanh Hoa,10m_to_25m,D,1986,female
SH0000390,mass,Nghe An,10m_to_25m,D,1996,male
SH0000391,emerging_affluent,Hai Phong,10m_to_25m,A,1968,male
SH0000392,emerging_affluent,Ha Noi,10m_to_25m,C,1986,female
SH0000393,mass,Ha Noi,under_10m,C,1976,male
SH0000394,mass,Dong Nai,over_25m,B,2000,female
SH0000395,mass,Thanh Hoa,under_10m,B,1978,male
SH0000396,mass,Ha Noi,10m_to_25m,C,1984,female
SH0000397,emerging_affluent,Ha Noi,over_25m,D,2004,male
SH0000398,mass,Binh Duong,10m_to_25m,C,1977,male
SH0000399,mass,Bac Ninh,10m_to_25m,A,1969,male
SH0000400,mass,Khanh Hoa,10m_to_25m,B,1967,female
SH0000401,emerging_affluent,Ho Chi Minh City,under_10m,B,2003,male
SH0000402,mass,Khanh Hoa,under_10m,B,1994,female
SH0000403,mass,Can Tho,over_25m,A,2000,female
SH0000404,emerging_affluent,Binh Duong,under_10m,C,1992,male
SH0000405,emerging_affluent,Can Tho,under_10m,D,1972,female
SH0000406,mass,Ho Chi Minh City,under_10m,C,1983,male
SH0000407,emerging_affluent,Nghe An,under_10m,B,1995,female
SH0000408,mass,Can Tho,under_10m,C,1987,male
SH0000409,mass,Binh Duong,10m_to_25m,C,1973,male
SH0000410,emerging_affluent,Can Tho,under_10m,C,1975,female
SH0000411,emerging_affluent,Binh Duong,under_10m,C,2002,female
SH0000412,mass,Long An,under_10m,C,1966,male
SH0000413,emerging_affluent,Da Nang,over_25m,C,1985,female
SH0000414,emerging_affluent,Long An,over_25m,A,1969,female
SH0000415,mass,Ho Chi Minh City,under_10m,B,2000,female
SH0000416,mass,Can Tho,under_10m,D,1994,female
SH0000417,emerging_affluent,Ho Chi Minh City,10m_to_25m,C,1976,male
SH0000418,mass,Ho Chi Minh City,10m_to_25m,A,2001,male
SH0000419,emerging_affluent,Bac Ninh,10m_to_25m,C,2003,female
SH0000420,mass,Ho Chi Minh City,under_10m,C,1990,female
SH0000421,mass,Nghe An,under_10m,C,1968,male
SH0000422,emerging_affluent,Ho Chi Minh City,10m_to_25m,D,1999,male
SH0000423,mass,Ho Chi Minh City,under_10m,E,1981,male
SH0000424,mass,Ho Chi Minh City,10m_to_25m,C,1971,male
SH0000425,mass,Can Tho,10m_to_25m,D,1970,female
SH0000426,mass,Can Tho,under_10m,A,1986,female
SH0000427,mass,Ho Chi Minh City,over_25m,D,1994,male
SH0000428,mass,Ho Chi Minh City,over_25m,B,1984,female
SH0000429,mass,Dong Nai,10m_to_25m,E,1997,male
SH0000430,mass,Binh Duong,10m_to_25m,D,1969,female
SH0000431,mass,Thanh Hoa,under_10m,C,1975,male
SH0000432,mass,Ho Chi Minh City,under_10m,C,1966,male
SH0000433,mass,Dong Nai,10m_to_25m,D,1989,male
SH0000434,mass,Ho Chi Minh City,under_10m,D,1972,female
SH0000435,mass,Ho Chi Minh City,10m_to_25m,D,1995,female
SH0000436,mass,Ho Chi Minh City,over_25m,B,1981,male
SH0000437,mass,Ho Chi Minh City,10m_to_25m,D,1987,male
SH0000438,mass,Nghe An,10m_to_25m,B,2000,male
SH0000439,emerging_affluent,Khanh Hoa,under_10m,C,1992,female
SH0000440,mass,Ho Chi Minh City,10m_to_25m,A,1999,female
SH0000441,emerging_affluent,Ho Chi Minh City,under_10m,D,1973,female
SH0000442,mass,Ha Noi,10m_to_25m,D,1967,female
SH0000443,mass,Nghe An,10m_to_25m,E,1989,male
SH0000444,mass,Khanh Hoa,10m_to_25m,E,1985,male
SH0000445,mass,Ha Noi,10m_to_25m,A,1987,male
SH0000446,mass,Hai Phong,10m_to_25m,D,1972,female
SH0000447,mass,Thanh Hoa,10m_to_25m,B,1990,male
SH0000448,emerging_affluent,Dong Nai,10m_to_25m,A,1981,female
SH0000449,emerging_affluent,Ho Chi Minh City,10m_to_25m,C,1995,male
SH0000450,emerging_affluent,Can Tho,10m_to_25m,C,1975,male
SH0000451,mass,Ha Noi,under_10m,E,1970,male
SH0000452,mass,Ha Noi,under_10m,D,2000,male
SH0000453,mass,Nghe An,10m_to_25m,E,1997,male
SH0000454,emerging_affluent,Ho Chi Minh City,over_25m,C,2005,female
SH0000455,mass,Ha Noi,under_10m,C,1998,female
SH0000456,mass,Bac Ninh,under_10m,E,1992,female
SH0000457,mass,Thanh Hoa,under_10m,B,1991,male
SH0000458,emerging_affluent,Ho Chi Minh City,under_10m,B,2002,female
SH0000459,mass,Ho Chi Minh City,under_10m,C,1971,male
SH0000460,emerging_affluent,Ha Noi,over_25m,D,1975,female
SH0000461,mass,Long An,under_10m,E,1991,female
SH0000462,mass,Khanh Hoa,under_10m,C,1977,female
SH0000463,mass,Khanh Hoa,10m_to_25m,C,1978,male
SH0000464,mass,Ha Noi,under_10m,C,1974,male
SH0000465,mass,Thanh Hoa,10m_to_25m,A,2003,male
SH0000466,mass,Dong Nai,10m_to_25m,C,1969,female
SH0000467,mass,Long An,under_10m,A,1989,male
SH0000468,mass,Long An,10m_to_25m,D,1984,female
SH0000469,mass,Binh Duong,over_25m,B,1990,male
SH0000470,emerging_affluent,Ha Noi,under_10m,B,1979,male
SH0000471,mass,Nghe An,10m_to_25m,C,1978,female
SH0000472,mass,Thanh Hoa,under_10m,B,1995,female
SH0000473,emerging_affluent,Ho Chi Minh City,over_25m,C,1981,female
SH0000474,emerging_affluent,Long An,under_10m,B,1983,female
SH0000475,mass,Ha Noi,over_25m,D,1992,female
SH0000476,mass,Hai Phong,10m_to_25m,B,1980,female
SH0000477,emerging_affluent,Bac Ninh,over_25m,B,2001,female
SH0000478,mass,Bac Ninh,10m_to_25m,B,1967,male
SH0000479,mass,Ha Noi,over_25m,C,1968,female
SH0000480,mass,Khanh Hoa,under_10m,D,1980,male
SH0000481,mass,Nghe An,over_25m,B,1996,female
SH0000482,emerging_affluent,Nghe An,10m_to_25m,D,1967,female
SH0000483,emerging_affluent,Dong Nai,10m_to_25m,E,1998,male
SH0000484,mass,Can Tho,under_10m,D,1993,male
SH0000485,mass,Khanh Hoa,10m_to_25m,D,1975,female
SH0000486,mass,Da Nang,10m_to_25m,C,1976,male
SH0000487,mass,Can Tho,10m_to_25m,D,1988,female
SH0000488,emerging_affluent,Ha Noi,over_25m,B,1968,female
SH0000489,mass,Ha Noi,10m_to_25m,B,1995,male
SH0000490,mass,Khanh Hoa,over_25m,E,1985,female
SH0000491,mass,Ha Noi,under_10m,D,1998,female
SH0000492,mass,Long An,10m_to_25m,D,1965,male
SH0000493,mass,Can Tho,10m_to_25m,E,1974,male
SH0000494,mass,Ho Chi Minh City,over_25m,B,1978,female
SH0000495,mass,Hai Phong,10m_to_25m,D,1965,male
SH0000496,mass,Can Tho,10m_to_25m,D,1977,male
SH0000497,mass,Khanh Hoa,under_10m,C,2001,male
SH0000498,mass,Ho Chi Minh City,under_10m,C,1975,female
SH0000499,emerging_affluent,Bac Ninh,under_10m,D,1968,female
SH0000500,mass,Can Tho,under_10m,C,2005,male
SH0000501,emerging_affluent,Ho Chi Minh City,under_10m,D,1994,male
SH0000502,mass,Thanh Hoa,10m_to_25m,C,1982,female
SH0000503,mass,Long An,under_10m,E,1969,female
SH0000504,emerging_affluent,Hai Phong,over_25m,B,1977,female
SH0000505,emerging_affluent,Binh Duong,under_10m,C,1967,female
SH0000506,mass,Ha Noi,under_10m,B,1968,female
SH0000507,mass,Ho Chi Minh City,10m_to_25m,C,1973,female
SH0000508,emerging_affluent,Bac Ninh,under_10m,D,1974,female
SH0000509,mass,Da Nang,under_10m,C,1988,female
SH0000510,mass,Thanh Hoa,under_10m,C,1989,male
SH0000511,emerging_affluent,Ha Noi,under_10m,B,1978,male
SH0000512,mass,Da Nang,under_10m,A,1984,female
SH0000513,mass,Ha Noi,over_25m,B,1989,female
SH0000514,emerging_affluent,Ha Noi,over_25m,D,1967,male
SH0000515,emerging_affluent,Ha Noi,under_10m,C,1998,female
SH0000516,mass,Hai Phong,10m_to_25m,C,1985,male
SH0000517,emerging_affluent,Ha Noi,under_10m,C,1966,female
SH0000518,mass,Ho Chi Minh City,under_10m,A,1968,female
SH0000519,mass,Ha Noi,10m_to_25m,B,1980,female
SH0000520,mass,Thanh Hoa,under_10m,D,1965,male
SH0000521,mass,Long An,under_10m,C,1986,female
SH0000522,mass,Binh Duong,over_25m,A,1995,female
SH0000523,mass,Da Nang,under_10m,B,1965,male
SH0000524,mass,Dong Nai,under_10m,B,1972,male
SH0000525,mass,Can Tho,under_10m,A,1978,male
SH0000526,mass,Ha Noi,under_10m,E,1988,female
SH0000527,mass,Khanh Hoa,over_25m,B,2005,female
SH0000528,mass,Long An,over_25m,B,1982,female
SH0000529,emerging_affluent,Ha Noi,under_10m,E,1991,male
SH0000530,mass,Khanh Hoa,10m_to_25m,C,1969,male
SH0000531,emerging_affluent,Ha Noi,under_10m,D,1975,female
SH0000532,mass,Ha Noi,10m_to_25m,A,1971,female
SH0000533,mass,Hai Phong,10m_to_25m,C,1989,female
SH0000534,emerging_affluent,Dong Nai,10m_to_25m,C,1995,male
SH0000535,mass,Ha Noi,over_25m,B,1975,male
SH0000536,mass,Ha Noi,under_10m,B,1987,female
SH0000537,mass,Long An,10m_to_25m,B,2000,male
SH0000538,mass,Bac Ninh,under_10m,A,1978,male
SH0000539,emerging_affluent,Binh Duong,under_10m,C,1997,male
SH0000540,mass,Dong Nai,under_10m,C,2005,male
SH0000541,mass,Binh Duong,over_25m,C,1991,male
SH0000542,mass,Nghe An,10m_to_25m,D,1972,female
SH0000543,mass,Ha Noi,under_10m,B,1969,male
SH0000544,mass,Da Nang,10m_to_25m,D,2003,female
SH0000545,mass,Ha Noi,10m_to_25m,C,1987,male
SH0000546,mass,Dong Nai,10m_to_25m,C,1984,male
SH0000547,emerging_affluent,Da Nang,10m_to_25m,B,1968,male
SH0000548,mass,Da Nang,over_25m,D,1983,female
SH0000549,emerging_affluent,Ha Noi,under_10m,B,1994,male
SH0000550,emerging_affluent,Dong Nai,10m_to_25m,C,1972,male
SH0000551,emerging_affluent,Ho Chi Minh City,10m_to_25m,C,1975,male
SH0000552,mass,Ha Noi,under_10m,E,1970,female
SH0000553,mass,Bac Ninh,10m_to_25m,C,1965,male
SH0000554,mass,Bac Ninh,10m_to_25m,E,1972,male
SH0000555,mass,Long An,over_25m,A,2002,female
SH0000556,mass,Long An,10m_to_25m,C,1973,male
SH0000557,mass,Ha Noi,under_10m,B,1976,male
SH0000558,mass,Ha Noi,under_10m,B,1970,female
SH0000559,emerging_affluent,Can Tho,10m_to_25m,D,1965,male
SH0000560,mass,Nghe An,10m_to_25m,C,1996,male
SH0000561,mass,Ho Chi Minh City,10m_to_25m,D,1969,female
SH0000562,mass,Ho Chi Minh City,10m_to_25m,D,1981,female
SH0000563,emerging_affluent,Binh Duong,10m_to_25m,A,1999,male
SH0000564,mass,Da Nang,under_10m,E,1974,male
SH0000565,mass,Thanh Hoa,10m_to_25m,B,1996,female
SH0000566,emerging_affluent,Ha Noi,under_10m,B,1980,female
SH0000567,mass,Da Nang,under_10m,C,1983,female
SH0000568,mass,Ho Chi Minh City,under_10m,B,1997,male
SH0000569,mass,Ha Noi,under_10m,C,1972,female
SH0000570,emerging_affluent,Bac Ninh,under_10m,A,1976,female
SH0000571,mass,Khanh Hoa,10m_to_25m,C,1999,male
SH0000572,emerging_affluent,Ho Chi Minh City,under_10m,D,1981,female
SH0000573,emerging_affluent,Da Nang,under_10m,A,1994,male
SH0000574,mass,Ha Noi,under_10m,B,1966,male
SH0000575,mass,Ha Noi,over_25m,E,2002,female
SH0000576,mass,Binh Duong,10m_to_25m,A,1967,male
SH0000577,emerging_affluent,Ha Noi,10m_to_25m,D,1989,female
SH0000578,mass,Bac Ninh,over_25m,C,1993,male
SH0000579,mass,Long An,10m_to_25m,B,2003,male
SH0000580,emerging_affluent,Ho Chi Minh City,over_25m,B,1988,male
SH0000581,mass,Ha Noi,10m_to_25m,C,1966,female
SH0000582,mass,Can Tho,under_10m,E,1987,female
SH0000583,mass,Nghe An,over_25m,C,2002,male
SH0000584,mass,Ho Chi Minh City,under_10m,C,1972,female
SH0000585,mass,Bac Ninh,10m_to_25m,C,1989,female
SH0000586,mass,Ho Chi Minh City,under_10m,D,1966,female
SH0000587,emerging_affluent,Binh Duong,10m_to_25m,B,1970,male
SH0000588,mass,Long An,under_10m,C,1980,male
SH0000589,emerging_affluent,Ho Chi Minh City,under_10m,C,1970,female
SH0000590,mass,Can Tho,over_25m,B,1970,male
SH0000591,emerging_affluent,Dong Nai,over_25m,C,1979,male
SH0000592,mass,Bac Ninh,10m_to_25m,A,1976,female
SH0000593,mass,Ha Noi,under_10m,A,1977,male
SH0000594,mass,Ha Noi,under_10m,B,1985,male
SH0000595,mass,Can Tho,over_25m,C,2004,male
SH0000596,mass,Long An,10m_to_25m,C,1982,female
SH0000597,mass,Ha Noi,under_10m,B,1969,male
SH0000598,mass,Ho Chi Minh City,10m_to_25m,C,1966,male
SH0000599,emerging_affluent,Hai Phong,10m_to_25m,C,1979,male
SH0000600,emerging_affluent,Hai Phong,10m_to_25m,C,1970,male
SH0000601,mass,Hai Phong,over_25m,D,1978,male
SH0000602,mass,Ho Chi Minh City,10m_to_25m,A,1969,female
SH0000603,mass,Khanh Hoa,under_10m,A,1987,male
SH0000604,mass,Ha Noi,under_10m,A,2004,male
SH0000605,mass,Binh Duong,10m_to_25m,C,1997,male
SH0000606,mass,Nghe An,over_25m,B,1993,male
SH0000607,mass,Ho Chi Minh City,10m_to_25m,D,1980,female
SH0000608,mass,Dong Nai,10m_to_25m,B,1972,male
SH0000609,emerging_affluent,Hai Phong,10m_to_25m,D,1992,male
SH0000610,mass,Ho Chi Minh City,under_10m,B,1973,male
SH0000611,mass,Ha Noi,10m_to_25m,C,1987,female
SH0000612,mass,Ho Chi Minh City,10m_to_25m,B,1993,male
SH0000613,mass,Can Tho,under_10m,D,1991,female
SH0000614,mass,Da Nang,10m_to_25m,C,1990,male
SH0000615,emerging_affluent,Khanh Hoa,under_10m,D,1983,male
SH0000616,mass,Bac Ninh,10m_to_25m,C,2003,female
SH0000617,mass,Binh Duong,10m_to_25m,E,1976,female
SH0000618,emerging_affluent,Da Nang,under_10m,B,1968,female
SH0000619,emerging_affluent,Nghe An,10m_to_25m,D,1967,male
SH0000620,mass,Nghe An,under_10m,C,1994,male
SH0000621,mass,Bac Ninh,under_10m,B,1970,female
SH0000622,emerging_affluent,Dong Nai,under_10m,D,1976,female
SH0000623,mass,Ho Chi Minh City,under_10m,C,1992,female
SH0000624,emerging_affluent,Da Nang,10m_to_25m,C,1972,female
SH0000625,mass,Hai Phong,10m_to_25m,B,1975,male
SH0000626,mass,Ho Chi Minh City,under_10m,B,1966,male
SH0000627,mass,Ho Chi Minh City,10m_to_25m,D,2001,male
SH0000628,mass,Can Tho,10m_to_25m,A,1966,male
SH0000629,emerging_affluent,Long An,over_25m,A,1997,male
SH0000630,emerging_affluent,Thanh Hoa,under_10m,B,1994,female
SH0000631,mass,Da Nang,under_10m,E,1990,female
SH0000632,mass,Hai Phong,under_10m,C,1993,male
SH0000633,emerging_affluent,Hai Phong,10m_to_25m,C,2002,male
SH0000634,mass,Thanh Hoa,10m_to_25m,D,1973,female
SH0000635,mass,Thanh Hoa,10m_to_25m,A,1973,female
SH0000636,mass,Nghe An,10m_to_25m,D,1995,female
SH0000637,mass,Hai Phong,10m_to_25m,A,2000,female
SH0000638,mass,Long An,10m_to_25m,D,1990,female
SH0000639,mass,Ha Noi,over_25m,E,2004,male
SH0000640,mass,Bac Ninh,under_10m,C,1998,female
SH0000641,mass,Long An,under_10m,C,2000,female
SH0000642,mass,Ho Chi Minh City,10m_to_25m,C,1984,male
SH0000643,mass,Ho Chi Minh City,10m_to_25m,D,1984,female
SH0000644,mass,Dong Nai,under_10m,D,1995,female
SH0000645,mass,Hai Phong,10m_to_25m,C,1974,female
SH0000646,emerging_affluent,Ha Noi,over_25m,C,1976,male
SH0000647,emerging_affluent,Dong Nai,10m_to_25m,E,1976,female
SH0000648,mass,Long An,10m_to_25m,D,2001,male
SH0000649,emerging_affluent,Can Tho,10m_to_25m,D,1998,male
SH0000650,mass,Can Tho,under_10m,C,1976,male
SH0000651,mass,Binh Duong,10m_to_25m,A,1998,male
SH0000652,mass,Thanh Hoa,10m_to_25m,D,2001,female
SH0000653,emerging_affluent,Binh Duong,under_10m,D,1984,male
SH0000654,mass,Can Tho,under_10m,E,1988,female
SH0000655,mass,Can Tho,under_10m,B,2004,male
SH0000656,emerging_affluent,Ha Noi,under_10m,B,1975,male
SH0000657,mass,Ho Chi Minh City,under_10m,C,1974,male
SH0000658,mass,Nghe An,under_10m,B,1999,male
SH0000659,mass,Khanh Hoa,10m_to_25m,D,1990,male
SH0000660,emerging_affluent,Long An,10m_to_25m,C,1970,male
SH0000661,mass,Ha Noi,under_10m,C,2004,male
SH0000662,mass,Da Nang,10m_to_25m,C,1991,male
SH0000663,mass,Ho Chi Minh City,under_10m,D,1998,male
SH0000664,mass,Can Tho,over_25m,B,2003,male
SH0000665,mass,Ha Noi,under_10m,B,1973,female
SH0000666,mass,Hai Phong,under_10m,D,1984,female
SH0000667,mass,Can Tho,under_10m,B,1974,female
SH0000668,mass,Can Tho,10m_to_25m,B,1966,male
SH0000669,mass,Thanh Hoa,10m_to_25m,B,2001,female
SH0000670,mass,Da Nang,under_10m,C,1968,male
SH0000671,emerging_affluent,Ha Noi,10m_to_25m,C,1979,female
SH0000672,mass,Da Nang,10m_to_25m,D,2005,male
SH0000673,mass,Ha Noi,under_10m,D,1966,male
SH0000674,mass,Dong Nai,under_10m,B,1992,male
SH0000675,emerging_affluent,Nghe An,over_25m,D,1983,female
SH0000676,emerging_affluent,Bac Ninh,10m_to_25m,D,1981,female
SH0000677,mass,Khanh Hoa,10m_to_25m,D,1984,male
SH0000678,emerging_affluent,Hai Phong,over_25m,B,1988,female
SH0000679,emerging_affluent,Khanh Hoa,10m_to_25m,C,2003,female
SH0000680,mass,Binh Duong,10m_to_25m,D,1997,male
SH0000681,emerging_affluent,Ho Chi Minh City,10m_to_25m,A,1972,male
SH0000682,emerging_affluent,Ha Noi,under_10m,B,2000,male
SH0000683,emerging_affluent,Thanh Hoa,10m_to_25m,B,1983,male
SH0000684,emerging_affluent,Ho Chi Minh City,under_10m,E,1984,male
SH0000685,mass,Ho Chi Minh City,10m_to_25m,C,1975,male
SH0000686,mass,Can Tho,over_25m,E,1981,female
SH0000687,mass,Hai Phong,10m_to_25m,A,1997,female
SH0000688,mass,Thanh Hoa,10m_to_25m,E,1982,male
SH0000689,emerging_affluent,Long An,under_10m,B,2003,female
SH0000690,mass,Ha Noi,under_10m,B,1969,female
SH0000691,emerging_affluent,Khanh Hoa,under_10m,B,1991,male
SH0000692,mass,Ho Chi Minh City,under_10m,A,1967,male
SH0000693,emerging_affluent,Thanh Hoa,10m_to_25m,C,1990,female
SH0000694,mass,Binh Duong,under_10m,C,2005,male
SH0000695,emerging_affluent,Ho Chi Minh City,10m_to_25m,C,1993,male
SH0000696,emerging_affluent,Ha Noi,10m_to_25m,B,1970,male
SH0000697,mass,Long An,10m_to_25m,C,1990,female
SH0000698,mass,Ho Chi Minh City,10m_to_25m,A,1996,female
SH0000699,mass,Ho Chi Minh City,10m_to_25m,C,1992,male
SH0000700,emerging_affluent,Bac Ninh,10m_to_25m,B,1968,male
SH0000701,mass,Khanh Hoa,under_10m,C,1976,male
SH0000702,mass,Dong Nai,10m_to_25m,A,1965,male
SH0000703,mass,Ha Noi,over_25m,B,1992,male
SH0000704,mass,Ha Noi,10m_to_25m,C,1999,male
SH0000705,emerging_affluent,Ha Noi,under_10m,A,1969,male
SH0000706,mass,Ha Noi,10m_to_25m,D,1984,female
SH0000707,mass,Dong Nai,over_25m,D,2004,female
SH0000708,mass,Ha Noi,10m_to_25m,C,1994,female
SH0000709,mass,Bac Ninh,under_10m,B,1990,female
SH0000710,emerging_affluent,Ho Chi Minh City,10m_to_25m,C,1969,male
SH0000711,emerging_affluent,Da Nang,10m_to_25m,D,1998,male
SH0000712,emerging_affluent,Khanh Hoa,under_10m,C,1972,male
SH0000713,mass,Bac Ninh,under_10m,B,1987,female
SH0000714,emerging_affluent,Ha Noi,under_10m,C,1975,female
SH0000715,emerging_affluent,Da Nang,10m_to_25m,C,1970,male
SH0000716,mass,Ha Noi,under_10m,B,1976,female
SH0000717,mass,Thanh Hoa,under_10m,B,1968,male
SH0000718,emerging_affluent,Ha Noi,under_10m,A,2000,female
SH0000719,emerging_affluent,Ho Chi Minh City,over_25m,D,1982,male
SH0000720,emerging_affluent,Da Nang,over_25m,B,1967,male
SH0000721,mass,Ha Noi,under_10m,B,1970,male
SH0000722,mass,Da Nang,under_10m,B,1990,female
SH0000723,mass,Ha Noi,under_10m,B,1986,female
SH0000724,mass,Ho Chi Minh City,10m_to_25m,A,1989,male
SH0000725,mass,Dong Nai,under_10m,B,1974,male
SH0000726,emerging_affluent,Hai Phong,over_25m,C,1994,male
SH0000727,mass,Ho Chi Minh City,under_10m,C,1974,female
SH0000728,mass,Ho Chi Minh City,under_10m,D,1981,male
SH0000729,mass,Khanh Hoa,under_10m,B,1972,male
SH0000730,mass,Ha Noi,over_25m,A,1982,female
SH0000731,mass,Long An,under_10m,D,1975,female
SH0000732,mass,Ho Chi Minh City,over_25m,D,1975,female
SH0000733,mass,Long An,over_25m,C,1992,male
SH0000734,mass,Can Tho,under_10m,C,1991,male
SH0000735,emerging_affluent,Khanh Hoa,under_10m,D,1980,female
SH0000736,mass,Binh Duong,under_10m,B,1979,male
SH0000737,emerging_affluent,Ho Chi Minh City,10m_to_25m,C,1994,male
SH0000738,emerging_affluent,Hai Phong,under_10m,E,1969,male
SH0000739,mass,Hai Phong,under_10m,C,2004,male
SH0000740,mass,Binh Duong,10m_to_25m,D,2001,male
SH0000741,mass,Hai Phong,under_10m,A,1991,female
SH0000742,mass,Hai Phong,under_10m,C,1971,male
SH0000743,mass,Ho Chi Minh City,10m_to_25m,E,1994,male
SH0000744,mass,Khanh Hoa,under_10m,B,1995,female
SH0000745,mass,Hai Phong,under_10m,C,1972,male
SH0000746,emerging_affluent,Long An,under_10m,C,1983,female
SH0000747,mass,Ho Chi Minh City,10m_to_25m,D,2002,female
SH0000748,mass,Bac Ninh,10m_to_25m,D,1990,female
SH0000749,mass,Can Tho,over_25m,B,1975,female
SH0000750,emerging_affluent,Hai Phong,over_25m,C,1982,female
SH0000751,mass,Ho Chi Minh City,10m_to_25m,D,1986,female
SH0000752,mass,Thanh Hoa,10m_to_25m,C,1979,male
SH0000753,mass,Da Nang,10m_to_25m,C,2000,male
SH0000754,mass,Ha Noi,10m_to_25m,B,1967,male
SH0000755,mass,Thanh Hoa,under_10m,C,1982,male
SH0000756,mass,Hai Phong,under_10m,D,1966,male
SH0000757,mass,Dong Nai,under_10m,D,1973,male
SH0000758,mass,Can Tho,under_10m,C,1981,female
SH0000759,mass,Nghe An,over_25m,B,2004,female
SH0000760,mass,Thanh Hoa,over_25m,C,1992,female
SH0000761,mass,Thanh Hoa,10m_to_25m,D,1970,female
SH0000762,mass,Ha Noi,under_10m,C,1974,male
SH0000763,emerging_affluent,Bac Ninh,under_10m,C,1987,female
SH0000764,mass,Binh Duong,under_10m,B,1967,female
SH0000765,emerging_affluent,Ho Chi Minh City,10m_to_25m,B,1990,female
SH0000766,mass,Da Nang,10m_to_25m,C,1967,male
SH0000767,mass,Ha Noi,10m_to_25m,A,1988,male
SH0000768,mass,Bac Ninh,under_10m,B,1985,male
SH0000769,mass,Ha Noi,under_10m,C,2000,male
SH0000770,mass,Dong Nai,10m_to_25m,D,1993,male
SH0000771,emerging_affluent,Ho Chi Minh City,10m_to_25m,C,1980,female
SH0000772,mass,Thanh Hoa,10m_to_25m,D,1982,male
SH0000773,mass,Can Tho,10m_to_25m,B,1965,male
SH0000774,mass,Ho Chi Minh City,10m_to_25m,A,1999,male
SH0000775,mass,Khanh Hoa,over_25m,D,2004,male
SH0000776,mass,Dong Nai,10m_to_25m,C,1985,female
SH0000777,emerging_affluent,Da Nang,10m_to_25m,D,1996,female
SH0000778,mass,Ha Noi,under_10m,D,2001,male
SH0000779,mass,Bac Ninh,10m_to_25m,B,1965,male
SH0000780,emerging_affluent,Ha Noi,under_10m,E,2002,female
SH0000781,mass,Ho Chi Minh City,10m_to_25m,D,1967,male
SH0000782,mass,Hai Phong,10m_to_25m,C,1998,male
SH0000783,mass,Binh Duong,under_10m,B,2005,male
SH0000784,emerging_affluent,Ha Noi,10m_to_25m,C,2001,female
SH0000785,mass,Ha Noi,10m_to_25m,E,1998,female
SH0000786,mass,Thanh Hoa,10m_to_25m,C,1966,female
SH0000787,mass,Ha Noi,under_10m,D,1973,male
SH0000788,mass,Nghe An,over_25m,A,2000,male
SH0000789,mass,Long An,under_10m,C,1967,female
SH0000790,mass,Ha Noi,10m_to_25m,B,1987,female
SH0000791,emerging_affluent,Bac Ninh,10m_to_25m,D,1996,female
SH0000792,mass,Ho Chi Minh City,under_10m,D,1974,female
SH0000793,mass,Khanh Hoa,10m_to_25m,B,1977,female
SH0000794,emerging_affluent,Khanh Hoa,10m_to_25m,B,1980,male
SH0000795,mass,Hai Phong,under_10m,B,1971,male
SH0000796,mass,Ha Noi,under_10m,D,1994,male
SH0000797,mass,Dong Nai,under_10m,B,1966,male
SH0000798,emerging_affluent,Hai Phong,under_10m,B,1998,female
SH0000799,emerging_affluent,Khanh Hoa,10m_to_25m,C,1973,male
SH0000800,mass,Can Tho,10m_to_25m,B,1999,female
SH0000801,mass,Thanh Hoa,under_10m,C,1995,female
SH0000802,mass,Khanh Hoa,over_25m,B,1985,male
SH0000803,mass,Ha Noi,under_10m,D,1995,female
SH0000804,mass,Ha Noi,10m_to_25m,B,1991,male
SH0000805,mass,Dong Nai,under_10m,B,1974,female
SH0000806,mass,Ho Chi Minh City,under_10m,D,1997,female
SH0000807,mass,Ha Noi,10m_to_25m,B,1988,male
SH0000808,mass,Ho Chi Minh City,under_10m,D,1992,female
SH0000809,mass,Ha Noi,10m_to_25m,C,1983,female
SH0000810,emerging_affluent,Da Nang,10m_to_25m,C,1978,female
SH0000811,mass,Ha Noi,under_10m,D,1971,female
SH0000812,mass,Hai Phong,over_25m,B,2000,male
SH0000813,emerging_affluent,Ho Chi Minh City,under_10m,D,1991,female
SH0000814,mass,Dong Nai,10m_to_25m,C,1980,female
SH0000815,emerging_affluent,Ha Noi,10m_to_25m,C,1998,female
SH0000816,emerging_affluent,Ha Noi,under_10m,D,1972,male
SH0000817,mass,Ha Noi,over_25m,E,1986,female
SH0000818,mass,Ho Chi Minh City,10m_to_25m,C,1973,female
SH0000819,mass,Hai Phong,10m_to_25m,C,1965,male
SH0000820,mass,Binh Duong,under_10m,D,1970,male
SH0000821,emerging_affluent,Thanh Hoa,under_10m,B,1986,male
SH0000822,mass,Can Tho,10m_to_25m,B,1995,male
SH0000823,emerging_affluent,Bac Ninh,10m_to_25m,C,1996,male
SH0000824,mass,Thanh Hoa,10m_to_25m,D,1991,male
SH0000825,mass,Nghe An,under_10m,C,1984,male
SH0000826,mass,Ha Noi,under_10m,A,1981,female
SH0000827,mass,Binh Duong,over_25m,B,1979,male
SH0000828,mass,Ha Noi,10m_to_25m,A,1984,female
SH0000829,emerging_affluent,Ho Chi Minh City,10m_to_25m,A,1995,male
SH0000830,mass,Thanh Hoa,under_10m,D,1969,male
SH0000831,mass,Bac Ninh,10m_to_25m,C,1995,female
SH0000832,mass,Can Tho,under_10m,D,1999,male
SH0000833,mass,Bac Ninh,under_10m,C,1968,female
SH0000834,emerging_affluent,Thanh Hoa,10m_to_25m,D,1967,female
SH0000835,emerging_affluent,Da Nang,under_10m,C,1991,female
SH0000836,mass,Ha Noi,over_25m,C,1973,male
SH0000837,mass,Ho Chi Minh City,over_25m,E,1981,male
SH0000838,mass,Long An,over_25m,B,1994,male
SH0000839,mass,Binh Duong,10m_to_25m,C,2000,female
SH0000840,mass,Ho Chi Minh City,10m_to_25m,C,1991,female
SH0000841,mass,Ha Noi,over_25m,B,2003,female
SH0000842,mass,Long An,under_10m,B,1979,male
SH0000843,mass,Long An,10m_to_25m,A,1978,female
SH0000844,mass,Can Tho,under_10m,B,1970,male
SH0000845,mass,Hai Phong,over_25m,D,1966,male
SH0000846,mass,Ho Chi Minh City,10m_to_25m,D,1983,male
SH0000847,emerging_affluent,Ha Noi,over_25m,B,1982,female
SH0000848,mass,Ha Noi,over_25m,C,1971,male
SH0000849,emerging_affluent,Binh Duong,under_10m,D,1981,female
SH0000850,mass,Ho Chi Minh City,under_10m,B,1966,female
SH0000851,mass,Ho Chi Minh City,under_10m,D,1969,female
SH0000852,emerging_affluent,Ha Noi,10m_to_25m,E,1978,male
SH0000853,emerging_affluent,Ho Chi Minh City,10m_to_25m,C,1983,female
SH0000854,emerging_affluent,Dong Nai,under_10m,C,1982,male
SH0000855,emerging_affluent,Dong Nai,over_25m,C,1986,female
SH0000856,mass,Ho Chi Minh City,under_10m,A,1985,male
SH0000857,emerging_affluent,Ho Chi Minh City,under_10m,C,1979,male
SH0000858,mass,Bac Ninh,under_10m,C,1967,female
SH0000859,mass,Ho Chi Minh City,under_10m,C,1983,female
SH0000860,emerging_affluent,Ho Chi Minh City,under_10m,C,1996,male
SH0000861,mass,Ho Chi Minh City,under_10m,D,2002,male
SH0000862,mass,Thanh Hoa,under_10m,C,1989,male
SH0000863,mass,Ho Chi Minh City,under_10m,A,1996,female
SH0000864,emerging_affluent,Hai Phong,under_10m,B,1975,female
SH0000865,emerging_affluent,Ho Chi Minh City,10m_to_25m,C,1984,female
SH0000866,emerging_affluent,Ha Noi,10m_to_25m,C,1984,female
SH0000867,mass,Binh Duong,10m_to_25m,C,1982,female
SH0000868,mass,Dong Nai,under_10m,A,1965,male
SH0000869,mass,Ha Noi,under_10m,B,1968,female
SH0000870,emerging_affluent,Ha Noi,over_25m,C,1981,female
SH0000871,emerging_affluent,Binh Duong,under_10m,C,1978,male
SH0000872,mass,Ho Chi Minh City,over_25m,B,1974,male
SH0000873,emerging_affluent,Ho Chi Minh City,10m_to_25m,C,1984,male
SH0000874,mass,Ho Chi Minh City,10m_to_25m,D,1968,male
SH0000875,mass,Hai Phong,10m_to_25m,C,1982,female
SH0000876,mass,Khanh Hoa,under_10m,B,1994,female
SH0000877,mass,Bac Ninh,under_10m,C,1987,male
SH0000878,mass,Thanh Hoa,under_10m,C,1999,female
SH0000879,mass,Binh Duong,10m_to_25m,D,1989,male
SH0000880,mass,Can Tho,under_10m,B,1998,male
SH0000881,mass,Hai Phong,under_10m,C,1982,male
SH0000882,mass,Ho Chi Minh City,under_10m,D,1966,male
SH0000883,mass,Da Nang,under_10m,E,1998,female
SH0000884,mass,Hai Phong,under_10m,C,1970,female
SH0000885,mass,Ha Noi,under_10m,B,1996,male
SH0000886,mass,Dong Nai,under_10m,B,1986,female
SH0000887,mass,Thanh Hoa,under_10m,C,1986,male
SH0000888,mass,Ho Chi Minh City,10m_to_25m,C,1979,male
SH0000889,mass,Binh Duong,10m_to_25m,C,1999,female
SH0000890,mass,Ha Noi,under_10m,B,1992,female
SH0000891,mass,Da Nang,over_25m,D,1974,female
SH0000892,mass,Ho Chi Minh City,over_25m,D,2005,female
SH0000893,mass,Khanh Hoa,under_10m,B,1969,male
SH0000894,emerging_affluent,Hai Phong,under_10m,D,1980,female
SH0000895,mass,Khanh Hoa,under_10m,B,2002,female
SH0000896,mass,Dong Nai,under_10m,B,1991,male
SH0000897,emerging_affluent,Can Tho,10m_to_25m,D,1976,male
SH0000898,mass,Dong Nai,under_10m,D,2005,female
SH0000899,mass,Ho Chi Minh City,10m_to_25m,E,2000,female
SH0000900,mass,Khanh Hoa,10m_to_25m,C,1991,female
SH0000901,mass,Ho Chi Minh City,over_25m,B,1995,female
SH0000902,mass,Dong Nai,under_10m,D,1974,male
SH0000903,mass,Ho Chi Minh City,under_10m,A,1984,male
SH0000904,mass,Ho Chi Minh City,10m_to_25m,C,1998,male
SH0000905,mass,Ha Noi,under_10m,C,2000,female
SH0000906,emerging_affluent,Dong Nai,over_25m,B,1991,male
SH0000907,mass,Ho Chi Minh City,10m_to_25m,B,1977,male
SH0000908,mass,Ha Noi,over_25m,D,1985,male
SH0000909,mass,Can Tho,10m_to_25m,C,1974,female
SH0000910,mass,Ha Noi,10m_to_25m,B,2003,male
SH0000911,mass,Long An,10m_to_25m,C,1996,male
SH0000912,mass,Dong Nai,10m_to_25m,B,1967,male
SH0000913,mass,Thanh Hoa,under_10m,D,1984,male
SH0000914,mass,Nghe An,10m_to_25m,C,1997,male
SH0000915,mass,Ha Noi,under_10m,D,1989,male
SH0000916,mass,Da Nang,under_10m,D,1996,male
SH0000917,mass,Bac Ninh,under_10m,B,1996,female
SH0000918,emerging_affluent,Ho Chi Minh City,under_10m,D,2004,male
SH0000919,mass,Nghe An,10m_to_25m,B,1974,female
SH0000920,mass,Ha Noi,10m_to_25m,C,1985,male
SH0000921,mass,Ha Noi,under_10m,E,1971,male
SH0000922,mass,Khanh Hoa,under_10m,C,1980,male
SH0000923,mass,Ho Chi Minh City,over_25m,B,1983,male
SH0000924,mass,Ho Chi Minh City,10m_to_25m,B,1981,female
SH0000925,emerging_affluent,Can Tho,under_10m,D,1967,female
SH0000926,mass,Hai Phong,under_10m,D,1999,male
SH0000927,mass,Ho Chi Minh City,10m_to_25m,C,2005,female
SH0000928,mass,Nghe An,under_10m,A,2000,female
SH0000929,mass,Dong Nai,under_10m,C,1983,female
SH0000930,mass,Ha Noi,10m_to_25m,E,1968,male
SH0000931,emerging_affluent,Binh Duong,under_10m,C,1989,female
SH0000932,mass,Ha Noi,10m_to_25m,C,1988,male
SH0000933,emerging_affluent,Binh Duong,over_25m,B,1973,female
SH0000934,mass,Ho Chi Minh City,over_25m,C,1986,male
SH0000935,emerging_affluent,Ha Noi,10m_to_25m,C,1974,female
SH0000936,mass,Can Tho,10m_to_25m,D,1996,male
SH0000937,mass,Thanh Hoa,under_10m,C,1976,female
SH0000938,mass,Ho Chi Minh City,under_10m,C,1977,male
SH0000939,emerging_affluent,Ha Noi,under_10m,C,2005,female
SH0000940,mass,Long An,10m_to_25m,B,2001,male
SH0000941,emerging_affluent,Nghe An,under_10m,B,1990,female
SH0000942,mass,Ho Chi Minh City,10m_to_25m,C,1983,female
SH0000943,mass,Khanh Hoa,under_10m,D,1965,male
SH0000944,emerging_affluent,Da Nang,10m_to_25m,C,1973,female
SH0000945,emerging_affluent,Ho Chi Minh City,over_25m,C,1992,male
SH0000946,mass,Can Tho,under_10m,B,1999,male
SH0000947,mass,Can Tho,under_10m,E,1971,male
SH0000948,mass,Ho Chi Minh City,under_10m,E,1996,female
SH0000949,mass,Khanh Hoa,under_10m,B,1983,male
SH0000950,mass,Ho Chi Minh City,under_10m,B,1982,male
SH0000951,mass,Bac Ninh,under_10m,B,1970,female
SH0000952,mass,Nghe An,under_10m,D,1989,female
SH0000953,mass,Ho Chi Minh City,10m_to_25m,B,1969,female
SH0000954,mass,Ho Chi Minh City,10m_to_25m,C,1966,female
SH0000955,emerging_affluent,Ha Noi,10m_to_25m,A,1969,male
SH0000956,emerging_affluent,Dong Nai,over_25m,C,1979,male
SH0000957,mass,Khanh Hoa,10m_to_25m,B,1972,female
SH0000958,mass,Ha Noi,under_10m,D,1970,female
SH0000959,emerging_affluent,Hai Phong,10m_to_25m,D,2004,male
SH0000960,mass,Can Tho,10m_to_25m,B,1988,female
SH0000961,emerging_affluent,Can Tho,under_10m,B,1977,female
SH0000962,mass,Binh Duong,under_10m,C,1995,male
SH0000963,mass,Khanh Hoa,10m_to_25m,C,2000,male
SH0000964,mass,Ha Noi,under_10m,C,1968,female
SH0000965,mass,Khanh Hoa,10m_to_25m,E,1978,female
SH0000966,mass,Ho Chi Minh City,under_10m,B,2004,male
SH0000967,mass,Long An,under_10m,D,1979,male
SH0000968,mass,Ho Chi Minh City,10m_to_25m,D,1979,male
SH0000969,mass,Ha Noi,over_25m,C,1971,male
SH0000970,emerging_affluent,Can Tho,under_10m,B,1981,male
SH0000971,mass,Can Tho,10m_to_25m,B,1993,female
SH0000972,emerging_affluent,Ho Chi Minh City,10m_to_25m,B,1980,male
SH0000973,mass,Thanh Hoa,under_10m,D,1995,male
SH0000974,mass,Thanh Hoa,over_25m,E,1990,female
SH0000975,emerging_affluent,Long An,10m_to_25m,A,1979,female
SH0000976,emerging_affluent,Binh Duong,over_25m,C,1980,female
SH0000977,mass,Da Nang,over_25m,A,1977,female
SH0000978,mass,Khanh Hoa,under_10m,D,1971,male
SH0000979,mass,Dong Nai,10m_to_25m,B,1973,male
SH0000980,mass,Dong Nai,under_10m,C,1976,female
SH0000981,emerging_affluent,Hai Phong,10m_to_25m,C,1980,female
SH0000982,mass,Ho Chi Minh City,10m_to_25m,A,1986,female
SH0000983,mass,Ha Noi,10m_to_25m,D,1980,female
SH0000984,mass,Ho Chi Minh City,10m_to_25m,B,1969,female
SH0000985,emerging_affluent,Ha Noi,10m_to_25m,A,1972,male
SH0000986,mass,Ha Noi,under_10m,C,1996,female
SH0000987,mass,Ha Noi,over_25m,D,2003,female
SH0000988,mass,Bac Ninh,under_10m,C,1977,male
SH0000989,emerging_affluent,Dong Nai,under_10m,E,1968,female
SH0000990,emerging_affluent,Ho Chi Minh City,10m_to_25m,D,1976,female
SH0000991,mass,Ho Chi Minh City,10m_to_25m,C,1998,male
SH0000992,emerging_affluent,Da Nang,under_10m,E,1990,female
SH0000993,mass,Ho Chi Minh City,under_10m,C,1991,female
SH0000994,emerging_affluent,Ho Chi Minh City,under_10m,D,1970,female
SH0000995,mass,Ha Noi,10m_to_25m,A,1986,female
SH0000996,mass,Ha Noi,under_10m,B,1968,male
SH0000997,mass,Long An,under_10m,C,2005,female
SH0000998,emerging_affluent,Can Tho,over_25m,B,1990,male
SH0000999,mass,Khanh Hoa,under_10m,B,1977,male
SH0001000,emerging_affluent,Ha Noi,under_10m,A,1987,male
SH0001001,mass,Ha Noi,10m_to_25m,D,1985,female
SH0001002,mass,Ho Chi Minh City,10m_to_25m,C,1983,male
SH0001003,mass,Da Nang,under_10m,E,1984,female
SH0001004,mass,Ho Chi Minh City,10m_to_25m,C,1976,male
SH0001005,mass,Hai Phong,over_25m,B,1992,male
SH0001006,emerging_affluent,Binh Duong,under_10m,D,1998,female
SH0001007,emerging_affluent,Ho Chi Minh City,under_10m,C,1999,male
SH0001008,emerging_affluent,Ho Chi Minh City,10m_to_25m,C,1982,female
SH0001009,emerging_affluent,Khanh Hoa,10m_to_25m,C,1976,male
SH0001010,mass,Ho Chi Minh City,under_10m,B,1974,female
SH0001011,mass,Nghe An,10m_to_25m,B,1977,male
SH0001012,mass,Ha Noi,under_10m,E,1995,male
SH0001013,mass,Nghe An,over_25m,B,1971,female
SH0001014,emerging_affluent,Da Nang,under_10m,B,1969,female
SH0001015,emerging_affluent,Dong Nai,10m_to_25m,C,1999,female
SH0001016,mass,Can Tho,over_25m,C,1967,male
SH0001017,mass,Bac Ninh,10m_to_25m,C,1990,female
SH0001018,mass,Da Nang,over_25m,C,1972,female
SH0001019,mass,Bac Ninh,over_25m,D,1986,female
SH0001020,mass,Khanh Hoa,10m_to_25m,C,1977,female
SH0001021,mass,Ho Chi Minh City,10m_to_25m,C,1994,female
SH0001022,emerging_affluent,Dong Nai,10m_to_25m,A,1990,male
SH0001023,mass,Ha Noi,under_10m,C,1991,male
SH0001024,mass,Thanh Hoa,under_10m,C,1994,male
SH0001025,mass,Binh Duong,10m_to_25m,B,1967,male
SH0001026,mass,Ha Noi,under_10m,D,1990,female
SH0001027,mass,Ho Chi Minh City,10m_to_25m,A,1990,female
SH0001028,emerging_affluent,Ho Chi Minh City,under_10m,C,1972,male
SH0001029,emerging_affluent,Ha Noi,10m_to_25m,B,1973,female
SH0001030,mass,Thanh Hoa,10m_to_25m,B,1966,male
SH0001031,emerging_affluent,Bac Ninh,10m_to_25m,D,1975,female
SH0001032,mass,Long An,10m_to_25m,C,1990,female
SH0001033,emerging_affluent,Ha Noi,under_10m,D,1988,female
SH0001034,mass,Ho Chi Minh City,under_10m,A,1996,male
SH0001035,emerging_affluent,Ha Noi,10m_to_25m,B,1996,male
SH0001036,emerging_affluent,Khanh Hoa,under_10m,B,1988,female
SH0001037,emerging_affluent,Khanh Hoa,under_10m,A,1967,female
SH0001038,mass,Thanh Hoa,over_25m,D,1996,male
SH0001039,mass,Khanh Hoa,over_25m,C,1996,female
SH0001040,emerging_affluent,Ho Chi Minh City,over_25m,A,2004,male
SH0001041,mass,Can Tho,over_25m,D,1967,female
SH0001042,mass,Nghe An,over_25m,B,1971,male
SH0001043,emerging_affluent,Binh Duong,under_10m,E,1992,female
SH0001044,emerging_affluent,Long An,under_10m,D,1966,female
SH0001045,mass,Can Tho,under_10m,B,2001,female
SH0001046,emerging_affluent,Bac Ninh,under_10m,C,1976,female
SH0001047,mass,Binh Duong,under_10m,C,1968,male
SH0001048,mass,Ho Chi Minh City,over_25m,D,1979,female
SH0001049,mass,Long An,10m_to_25m,C,1981,female
SH0001050,emerging_affluent,Thanh Hoa,under_10m,C,1978,male
SH0001051,mass,Ha Noi,10m_to_25m,A,1994,male
SH0001052,mass,Bac Ninh,over_25m,B,1968,female
SH0001053,emerging_affluent,Bac Ninh,10m_to_25m,D,1998,male
SH0001054,mass,Ha Noi,10m_to_25m,C,1992,female
SH0001055,mass,Khanh Hoa,under_10m,C,1992,female
SH0001056,mass,Thanh Hoa,10m_to_25m,D,1996,female
SH0001057,mass,Ho Chi Minh City,under_10m,C,1995,female
SH0001058,emerging_affluent,Thanh Hoa,under_10m,B,1978,male
SH0001059,emerging_affluent,Khanh Hoa,10m_to_25m,B,1993,male
SH0001060,mass,Ho Chi Minh City,under_10m,C,1986,female
SH0001061,mass,Nghe An,10m_to_25m,C,1977,male
SH0001062,mass,Da Nang,10m_to_25m,B,1976,male
SH0001063,mass,Ha Noi,10m_to_25m,D,1976,female
SH0001064,mass,Ha Noi,10m_to_25m,E,1999,female
SH0001065,mass,Ha Noi,10m_to_25m,C,1975,female
SH0001066,mass,Khanh Hoa,10m_to_25m,A,1976,female
SH0001067,mass,Bac Ninh,10m_to_25m,D,1992,male
SH0001068,mass,Ho Chi Minh City,under_10m,B,1984,male
SH0001069,mass,Ho Chi Minh City,under_10m,D,1984,female
SH0001070,mass,Ho Chi Minh City,10m_to_25m,E,1979,male
SH0001071,mass,Ho Chi Minh City,10m_to_25m,A,1975,male
SH0001072,mass,Bac Ninh,10m_to_25m,A,1993,female
SH0001073,mass,Ho Chi Minh City,under_10m,D,1999,female
SH0001074,emerging_affluent,Ho Chi Minh City,10m_to_25m,D,1987,female
SH0001075,mass,Khanh Hoa,over_25m,B,1976,female
SH0001076,mass,Ha Noi,10m_to_25m,D,2001,female
SH0001077,mass,Dong Nai,under_10m,D,1977,female
SH0001078,mass,Can Tho,10m_to_25m,D,1991,female
SH0001079,mass,Ho Chi Minh City,under_10m,B,2005,male
SH0001080,mass,Dong Nai,under_10m,C,2004,female
SH0001081,mass,Long An,10m_to_25m,A,1989,male
SH0001082,mass,Ho Chi Minh City,under_10m,C,2002,male
SH0001083,mass,Khanh Hoa,under_10m,C,1983,female
SH0001084,mass,Ha Noi,under_10m,A,1968,male
SH0001085,mass,Binh Duong,under_10m,D,1977,male
SH0001086,emerging_affluent,Dong Nai,under_10m,A,1995,female
SH0001087,mass,Binh Duong,10m_to_25m,B,2004,female
SH0001088,mass,Binh Duong,10m_to_25m,D,1990,male
SH0001089,mass,Long An,under_10m,E,1980,female
SH0001090,mass,Ho Chi Minh City,over_25m,D,2005,female
SH0001091,emerging_affluent,Ha Noi,over_25m,D,1988,female
SH0001092,mass,Ho Chi Minh City,under_10m,A,1970,male
SH0001093,emerging_affluent,Bac Ninh,over_25m,D,2000,female
SH0001094,mass,Ha Noi,under_10m,A,2005,male
SH0001095,emerging_affluent,Khanh Hoa,over_25m,D,1995,female
SH0001096,emerging_affluent,Binh Duong,over_25m,B,1994,male
SH0001097,mass,Dong Nai,10m_to_25m,B,1972,male
SH0001098,emerging_affluent,Da Nang,over_25m,B,1995,male
SH0001099,mass,Hai Phong,10m_to_25m,E,1983,female
SH0001100,mass,Khanh Hoa,under_10m,B,1982,female
SH0001101,emerging_affluent,Binh Duong,under_10m,A,1987,male
SH0001102,mass,Ho Chi Minh City,10m_to_25m,D,1995,female
SH0001103,mass,Dong Nai,under_10m,D,1971,male
SH0001104,mass,Ho Chi Minh City,under_10m,D,1968,male
SH0001105,emerging_affluent,Ho Chi Minh City,10m_to_25m,C,1972,female
SH0001106,emerging_affluent,Ho Chi Minh City,under_10m,A,1969,female
SH0001107,emerging_affluent,Ha Noi,10m_to_25m,B,1968,female
SH0001108,mass,Can Tho,under_10m,C,1970,female
SH0001109,mass,Thanh Hoa,10m_to_25m,C,1980,male
SH0001110,mass,Binh Duong,10m_to_25m,D,1994,male
SH0001111,mass,Dong Nai,under_10m,C,2005,female
SH0001112,mass,Da Nang,over_25m,C,1968,female
SH0001113,emerging_affluent,Long An,under_10m,A,1970,female
SH0001114,mass,Can Tho,under_10m,B,1985,male
SH0001115,mass,Ha Noi,under_10m,C,1986,male
SH0001116,mass,Ha Noi,under_10m,E,1991,male
SH0001117,mass,Ho Chi Minh City,under_10m,A,1983,male
SH0001118,mass,Long An,10m_to_25m,B,1995,female
SH0001119,emerging_affluent,Thanh Hoa,under_10m,B,1997,female
SH0001120,mass,Ho Chi Minh City,under_10m,A,1977,female
SH0001121,mass,Da Nang,10m_to_25m,D,1988,female
SH0001122,mass,Long An,under_10m,C,1992,female
SH0001123,mass,Khanh Hoa,under_10m,E,1981,female
SH0001124,mass,Ha Noi,under_10m,A,2004,female
SH0001125,mass,Long An,10m_to_25m,D,1992,male
SH0001126,mass,Dong Nai,10m_to_25m,B,2001,male
SH0001127,mass,Thanh Hoa,10m_to_25m,B,1966,female
SH0001128,mass,Hai Phong,10m_to_25m,C,1985,male
SH0001129,mass,Ha Noi,under_10m,A,1992,male
SH0001130,emerging_affluent,Ha Noi,under_10m,C,2002,male
SH0001131,mass,Ha Noi,under_10m,C,1986,male
SH0001132,mass,Ho Chi Minh City,under_10m,C,1991,male
SH0001133,mass,Binh Duong,under_10m,D,1977,female
SH0001134,mass,Hai Phong,under_10m,A,1990,male
SH0001135,mass,Da Nang,10m_to_25m,B,1999,male
SH0001136,mass,Da Nang,under_10m,E,1990,female
SH0001137,emerging_affluent,Dong Nai,under_10m,C,1980,male
SH0001138,emerging_affluent,Can Tho,10m_to_25m,B,2003,male
SH0001139,mass,Ho Chi Minh City,under_10m,D,2001,female
SH0001140,mass,Hai Phong,10m_to_25m,A,1971,male
SH0001141,mass,Da Nang,under_10m,A,1974,male
SH0001142,mass,Ha Noi,10m_to_25m,A,1981,female
SH0001143,mass,Ha Noi,10m_to_25m,C,1980,female
SH0001144,mass,Khanh Hoa,over_25m,D,2001,female
SH0001145,mass,Bac Ninh,10m_to_25m,D,2005,female
SH0001146,emerging_affluent,Ha Noi,under_10m,C,1999,female
SH0001147,mass,Ho Chi Minh City,10m_to_25m,D,1994,male
SH0001148,mass,Can Tho,10m_to_25m,E,2001,male
SH0001149,mass,Da Nang,10m_to_25m,C,1985,female
SH0001150,mass,Ha Noi,over_25m,B,1989,female
SH0001151,mass,Ha Noi,under_10m,B,1999,male
SH0001152,mass,Hai Phong,10m_to_25m,D,2000,male
SH0001153,mass,Khanh Hoa,10m_to_25m,D,1978,female
SH0001154,mass,Bac Ninh,under_10m,C,2004,female
SH0001155,mass,Khanh Hoa,10m_to_25m,D,1985,male
SH0001156,mass,Thanh Hoa,10m_to_25m,B,1982,female
SH0001157,mass,Nghe An,10m_to_25m,C,1984,male
SH0001158,mass,Binh Duong,under_10m,B,1980,female
SH0001159,mass,Hai Phong,over_25m,D,2001,female
SH0001160,mass,Ho Chi Minh City,over_25m,B,1998,male
SH0001161,mass,Binh Duong,10m_to_25m,B,2000,male
SH0001162,mass,Ha Noi,over_25m,B,1982,male
SH0001163,mass,Bac Ninh,10m_to_25m,D,1978,male
SH0001164,mass,Ha Noi,10m_to_25m,B,1977,male
SH0001165,mass,Ho Chi Minh City,10m_to_25m,E,1986,male
SH0001166,mass,Dong Nai,under_10m,D,1986,male
SH0001167,mass,Khanh Hoa,under_10m,B,1986,male
SH0001168,mass,Nghe An,10m_to_25m,C,1981,female
SH0001169,mass,Ha Noi,under_10m,C,1965,female
SH0001170,mass,Binh Duong,under_10m,D,1986,female
SH0001171,mass,Binh Duong,over_25m,C,1985,female
SH0001172,emerging_affluent,Hai Phong,10m_to_25m,B,1965,male
SH0001173,mass,Khanh Hoa,10m_to_25m,B,1984,male
SH0001174,mass,Dong Nai,10m_to_25m,D,1995,male
SH0001175,mass,Nghe An,under_10m,D,1985,male
SH0001176,mass,Ha Noi,over_25m,B,2000,female
SH0001177,mass,Thanh Hoa,10m_to_25m,E,2000,female
SH0001178,mass,Ha Noi,10m_to_25m,C,1984,male
SH0001179,mass,Ha Noi,over_25m,D,1996,male
SH0001180,mass,Bac Ninh,10m_to_25m,A,1976,female
SH0001181,emerging_affluent,Ha Noi,under_10m,D,1992,male
SH0001182,mass,Da Nang,under_10m,C,1992,female
SH0001183,emerging_affluent,Ho Chi Minh City,10m_to_25m,A,1988,female
SH0001184,mass,Ha Noi,10m_to_25m,D,1965,male
SH0001185,mass,Ho Chi Minh City,10m_to_25m,D,1995,female
SH0001186,mass,Ha Noi,over_25m,C,1979,male
SH0001187,emerging_affluent,Ho Chi Minh City,under_10m,A,1979,male
SH0001188,mass,Ha Noi,over_25m,D,1996,male
SH0001189,mass,Khanh Hoa,10m_to_25m,C,1972,female
SH0001190,mass,Thanh Hoa,over_25m,C,1992,male
SH0001191,mass,Bac Ninh,10m_to_25m,B,1966,male
SH0001192,emerging_affluent,Ha Noi,under_10m,B,1970,male
SH0001193,emerging_affluent,Long An,under_10m,C,1970,male
SH0001194,emerging_affluent,Ho Chi Minh City,under_10m,C,1994,female
SH0001195,emerging_affluent,Long An,10m_to_25m,C,1990,female
SH0001196,mass,Long An,10m_to_25m,C,2003,female
SH0001197,emerging_affluent,Da Nang,10m_to_25m,D,2004,male
SH0001198,mass,Binh Duong,under_10m,E,1999,female
SH0001199,mass,Long An,under_10m,D,1975,female
SH0001200,mass,Ha Noi,under_10m,A,1968,male
SH0001201,mass,Ha Noi,under_10m,D,1969,male
SH0001202,mass,Binh Duong,under_10m,A,1985,female
SH0001203,mass,Ho Chi Minh City,over_25m,B,1985,male
SH0001204,mass,Hai Phong,under_10m,D,1978,male
SH0001205,mass,Ho Chi Minh City,over_25m,C,1982,female
SH0001206,mass,Ha Noi,10m_to_25m,A,1990,female
SH0001207,mass,Dong Nai,under_10m,D,1997,male
SH0001208,mass,Thanh Hoa,10m_to_25m,B,1995,male
SH0001209,mass,Da Nang,under_10m,D,1969,male
SH0001210,emerging_affluent,Can Tho,10m_to_25m,C,1976,female
SH0001211,emerging_affluent,Ho Chi Minh City,10m_to_25m,C,1989,male
SH0001212,mass,Can Tho,10m_to_25m,B,1994,female
SH0001213,mass,Bac Ninh,10m_to_25m,C,1984,male
SH0001214,mass,Can Tho,10m_to_25m,B,1978,male
SH0001215,mass,Long An,10m_to_25m,D,1966,male
SH0001216,mass,Khanh Hoa,under_10m,E,1997,female
SH0001217,mass,Hai Phong,under_10m,D,1984,female
SH0001218,mass,Nghe An,under_10m,B,1985,female
SH0001219,mass,Bac Ninh,over_25m,B,1974,male
SH0001220,mass,Hai Phong,10m_to_25m,C,1982,male
SH0001221,mass,Ha Noi,10m_to_25m,C,2000,male
SH0001222,emerging_affluent,Nghe An,10m_to_25m,C,1999,male
SH0001223,mass,Ho Chi Minh City,under_10m,C,1982,male
SH0001224,emerging_affluent,Ho Chi Minh City,10m_to_25m,D,1987,female
SH0001225,mass,Dong Nai,over_25m,A,1997,female
SH0001226,mass,Khanh Hoa,10m_to_25m,C,1977,male
SH0001227,mass,Ha Noi,10m_to_25m,C,1968,female
SH0001228,mass,Hai Phong,under_10m,D,1989,female
SH0001229,emerging_affluent,Nghe An,over_25m,C,1968,female
SH0001230,mass,Ho Chi Minh City,over_25m,C,1992,male
SH0001231,mass,Da Nang,10m_to_25m,C,1999,male
SH0001232,mass,Can Tho,over_25m,C,1986,male
SH0001233,mass,Da Nang,10m_to_25m,C,1987,male
SH0001234,mass,Can Tho,10m_to_25m,C,1968,male
SH0001235,emerging_affluent,Thanh Hoa,under_10m,B,1996,male
SH0001236,mass,Thanh Hoa,10m_to_25m,D,2005,male
SH0001237,mass,Bac Ninh,10m_to_25m,C,1971,female
SH0001238,emerging_affluent,Can Tho,10m_to_25m,E,1992,male
SH0001239,mass,Thanh Hoa,under_10m,B,1971,female
SH0001240,mass,Ha Noi,under_10m,B,1966,female
SH0001241,mass,Bac Ninh,under_10m,C,2003,male
SH0001242,emerging_affluent,Ha Noi,10m_to_25m,D,1995,male
SH0001243,emerging_affluent,Binh Duong,under_10m,B,1975,male
SH0001244,emerging_affluent,Da Nang,over_25m,D,1985,female
SH0001245,mass,Binh Duong,under_10m,B,1978,male
SH0001246,emerging_affluent,Ho Chi Minh City,over_25m,C,1988,female
SH0001247,mass,Can Tho,under_10m,B,1970,female
SH0001248,mass,Ho Chi Minh City,over_25m,A,1968,male
SH0001249,mass,Can Tho,under_10m,C,1979,female
SH0001250,mass,Khanh Hoa,under_10m,C,1970,male
SH0001251,mass,Bac Ninh,10m_to_25m,B,1966,female
SH0001252,mass,Da Nang,10m_to_25m,E,1994,female
SH0001253,mass,Thanh Hoa,10m_to_25m,C,1975,male
SH0001254,mass,Ho Chi Minh City,under_10m,B,1999,female
SH0001255,emerging_affluent,Ha Noi,under_10m,C,1989,female
SH0001256,mass,Ha Noi,10m_to_25m,D,1999,female
SH0001257,emerging_affluent,Long An,10m_to_25m,C,1980,male
SH0001258,emerging_affluent,Thanh Hoa,under_10m,C,1968,male
SH0001259,emerging_affluent,Long An,under_10m,C,1995,female
SH0001260,mass,Ho Chi Minh City,over_25m,B,1967,female
SH0001261,mass,Ho Chi Minh City,10m_to_25m,C,1994,male
SH0001262,mass,Thanh Hoa,under_10m,B,1975,female
SH0001263,mass,Khanh Hoa,under_10m,D,1987,female
SH0001264,mass,Thanh Hoa,over_25m,C,1994,female
SH0001265,mass,Ha Noi,10m_to_25m,B,1990,female
SH0001266,emerging_affluent,Ha Noi,under_10m,B,1996,female
SH0001267,mass,Long An,10m_to_25m,B,1968,female
SH0001268,emerging_affluent,Khanh Hoa,under_10m,B,1999,female
SH0001269,emerging_affluent,Nghe An,under_10m,D,1966,male
SH0001270,emerging_affluent,Thanh Hoa,under_10m,D,2005,male
SH0001271,mass,Binh Duong,under_10m,A,1989,female
SH0001272,emerging_affluent,Ho Chi Minh City,10m_to_25m,D,1971,female
SH0001273,emerging_affluent,Khanh Hoa,10m_to_25m,D,1981,male
SH0001274,mass,Bac Ninh,over_25m,C,1999,female
SH0001275,mass,Ho Chi Minh City,under_10m,E,1965,female
SH0001276,mass,Da Nang,over_25m,C,1986,male
SH0001277,emerging_affluent,Ho Chi Minh City,over_25m,B,1987,female
SH0001278,mass,Ho Chi Minh City,10m_to_25m,B,1992,female
SH0001279,mass,Nghe An,under_10m,B,1965,female
SH0001280,mass,Binh Duong,10m_to_25m,D,1974,female
SH0001281,mass,Da Nang,under_10m,E,1973,female
SH0001282,mass,Bac Ninh,10m_to_25m,B,2005,female
SH0001283,mass,Ha Noi,under_10m,C,1980,male
SH0001284,mass,Ha Noi,under_10m,B,2000,male
SH0001285,mass,Ho Chi Minh City,10m_to_25m,D,1967,female
SH0001286,mass,Bac Ninh,10m_to_25m,B,1990,male
SH0001287,mass,Dong Nai,under_10m,E,1997,male
SH0001288,emerging_affluent,Binh Duong,10m_to_25m,D,2001,male
SH0001289,emerging_affluent,Thanh Hoa,under_10m,B,1996,female
SH0001290,mass,Can Tho,10m_to_25m,D,2002,female
SH0001291,mass,Ha Noi,under_10m,A,1984,female
SH0001292,mass,Ho Chi Minh City,under_10m,B,1979,male
SH0001293,mass,Bac Ninh,under_10m,E,1988,female
SH0001294,mass,Khanh Hoa,10m_to_25m,D,1989,male
SH0001295,mass,Nghe An,under_10m,A,1974,male
SH0001296,mass,Bac Ninh,over_25m,B,1997,male
SH0001297,mass,Hai Phong,10m_to_25m,B,1977,female
SH0001298,mass,Ho Chi Minh City,under_10m,B,1976,female
SH0001299,mass,Ha Noi,10m_to_25m,A,1982,female
SH0001300,mass,Nghe An,10m_to_25m,D,1977,female
SH0001301,emerging_affluent,Da Nang,10m_to_25m,D,1995,male
SH0001302,emerging_affluent,Thanh Hoa,under_10m,B,2005,female
SH0001303,emerging_affluent,Binh Duong,over_25m,C,1988,male
SH0001304,mass,Ha Noi,under_10m,C,1975,female
SH0001305,mass,Binh Duong,under_10m,B,1991,female
SH0001306,mass,Bac Ninh,under_10m,C,1980,female
SH0001307,mass,Ho Chi Minh City,under_10m,B,1967,male
SH0001308,mass,Binh Duong,under_10m,C,1967,male
SH0001309,mass,Can Tho,over_25m,D,2004,female
SH0001310,mass,Ha Noi,under_10m,E,2000,female
SH0001311,mass,Long An,under_10m,C,1987,female
SH0001312,mass,Khanh Hoa,10m_to_25m,D,2000,male
SH0001313,mass,Nghe An,under_10m,B,1994,male
SH0001314,mass,Binh Duong,10m_to_25m,B,1995,male
SH0001315,emerging_affluent,Ha Noi,under_10m,B,1972,female
SH0001316,mass,Ho Chi Minh City,10m_to_25m,C,1986,female
SH0001317,mass,Can Tho,under_10m,D,1999,female
SH0001318,emerging_affluent,Nghe An,over_25m,B,1999,female
SH0001319,mass,Long An,over_25m,C,1986,female
SH0001320,mass,Ha Noi,over_25m,D,1979,male
SH0001321,mass,Hai Phong,under_10m,C,1998,male
SH0001322,mass,Ho Chi Minh City,over_25m,C,1975,female
SH0001323,mass,Can Tho,10m_to_25m,D,1965,male
SH0001324,mass,Can Tho,10m_to_25m,D,1967,male
SH0001325,emerging_affluent,Ha Noi,over_25m,D,1970,female
SH0001326,mass,Binh Duong,under_10m,B,1970,female
SH0001327,emerging_affluent,Ha Noi,10m_to_25m,A,1991,female
SH0001328,mass,Bac Ninh,10m_to_25m,D,2003,male
SH0001329,mass,Nghe An,10m_to_25m,B,1983,male
SH0001330,mass,Can Tho,under_10m,C,1978,male
SH0001331,emerging_affluent,Ha Noi,10m_to_25m,B,2000,male
SH0001332,mass,Ho Chi Minh City,over_25m,D,1987,male
SH0001333,mass,Can Tho,under_10m,B,1982,male
SH0001334,mass,Ha Noi,under_10m,D,1973,female
SH0001335,emerging_affluent,Da Nang,10m_to_25m,B,1970,female
SH0001336,mass,Ha Noi,10m_to_25m,B,1995,male
SH0001337,mass,Ho Chi Minh City,under_10m,E,1970,female
SH0001338,mass,Khanh Hoa,10m_to_25m,B,1965,male
SH0001339,emerging_affluent,Khanh Hoa,over_25m,D,1984,male
SH0001340,mass,Ho Chi Minh City,10m_to_25m,D,2002,female
SH0001341,mass,Ho Chi Minh City,10m_to_25m,C,1999,female
SH0001342,emerging_affluent,Ho Chi Minh City,under_10m,C,1987,male
SH0001343,mass,Ha Noi,under_10m,D,2003,male
SH0001344,mass,Ha Noi,under_10m,B,1973,male
SH0001345,emerging_affluent,Ho Chi Minh City,over_25m,C,1995,female
SH0001346,emerging_affluent,Can Tho,10m_to_25m,B,1971,male
SH0001347,mass,Dong Nai,over_25m,C,1987,female
SH0001348,emerging_affluent,Ha Noi,10m_to_25m,A,1971,female
SH0001349,mass,Can Tho,over_25m,C,1999,male
SH0001350,mass,Ho Chi Minh City,under_10m,C,1971,female
SH0001351,mass,Ha Noi,10m_to_25m,E,2005,female
SH0001352,mass,Nghe An,under_10m,A,1982,male
SH0001353,mass,Ho Chi Minh City,over_25m,D,1979,female
SH0001354,mass,Nghe An,under_10m,C,1996,female
SH0001355,mass,Ha Noi,under_10m,B,1984,male
SH0001356,emerging_affluent,Hai Phong,10m_to_25m,D,1990,female
SH0001357,mass,Ho Chi Minh City,10m_to_25m,A,1991,female
SH0001358,mass,Bac Ninh,under_10m,B,2003,female
SH0001359,emerging_affluent,Can Tho,under_10m,C,1972,male
SH0001360,mass,Can Tho,under_10m,C,1980,female
SH0001361,mass,Dong Nai,10m_to_25m,B,2002,male
SH0001362,mass,Ha Noi,under_10m,A,1972,female
SH0001363,mass,Dong Nai,over_25m,D,1996,female
SH0001364,mass,Can Tho,under_10m,C,1988,female
SH0001365,mass,Ho Chi Minh City,10m_to_25m,E,1983,female
SH0001366,mass,Nghe An,10m_to_25m,C,1977,male
SH0001367,mass,Hai Phong,over_25m,C,1994,female
SH0001368,mass,Ho Chi Minh City,under_10m,C,2003,male
SH0001369,emerging_affluent,Ho Chi Minh City,10m_to_25m,C,1974,female
SH0001370,mass,Ho Chi Minh City,under_10m,A,1975,male
SH0001371,emerging_affluent,Long An,under_10m,B,1985,male
SH0001372,mass,Bac Ninh,over_25m,C,2002,male
SH0001373,mass,Dong Nai,under_10m,D,1967,female
SH0001374,mass,Ha Noi,10m_to_25m,D,1965,male
SH0001375,emerging_affluent,Ha Noi,over_25m,B,2000,male
SH0001376,mass,Binh Duong,over_25m,A,1992,female
SH0001377,mass,Hai Phong,over_25m,A,2005,male
SH0001378,emerging_affluent,Ho Chi Minh City,over_25m,A,1994,male
SH0001379,emerging_affluent,Ho Chi Minh City,under_10m,D,1975,male
SH0001380,mass,Ha Noi,over_25m,C,1978,male
SH0001381,emerging_affluent,Ha Noi,10m_to_25m,C,2002,female
SH0001382,mass,Ha Noi,under_10m,C,1966,female
SH0001383,mass,Da Nang,over_25m,E,1986,female
SH0001384,mass,Ha Noi,over_25m,D,1967,female
SH0001385,mass,Can Tho,10m_to_25m,B,1982,female
SH0001386,emerging_affluent,Long An,under_10m,D,1983,male
SH0001387,mass,Ha Noi,over_25m,D,1982,female
SH0001388,mass,Da Nang,10m_to_25m,D,1990,female
SH0001389,mass,Ha Noi,over_25m,C,1965,male
SH0001390,emerging_affluent,Ho Chi Minh City,under_10m,D,1995,female
SH0001391,mass,Ho Chi Minh City,under_10m,D,1967,female
SH0001392,mass,Ha Noi,under_10m,B,1973,female
SH0001393,mass,Bac Ninh,10m_to_25m,C,1996,male
SH0001394,emerging_affluent,Bac Ninh,under_10m,C,1997,female
SH0001395,mass,Ho Chi Minh City,over_25m,B,1990,female
SH0001396,mass,Bac Ninh,10m_to_25m,B,1987,female
SH0001397,emerging_affluent,Khanh Hoa,10m_to_25m,C,2004,female
SH0001398,emerging_affluent,Ha Noi,10m_to_25m,C,1992,male
SH0001399,mass,Ho Chi Minh City,under_10m,B,1966,male
SH0001400,mass,Dong Nai,10m_to_25m,B,1974,female
SH0001401,mass,Ho Chi Minh City,10m_to_25m,C,1986,female
SH0001402,mass,Ha Noi,under_10m,C,1965,male
SH0001403,mass,Thanh Hoa,under_10m,A,1982,male
SH0001404,emerging_affluent,Khanh Hoa,under_10m,B,1988,female
SH0001405,emerging_affluent,Ha Noi,under_10m,B,1981,male
SH0001406,mass,Dong Nai,10m_to_25m,C,1971,male
SH0001407,mass,Ho Chi Minh City,10m_to_25m,C,1998,male
SH0001408,mass,Da Nang,10m_to_25m,D,1991,female
SH0001409,mass,Long An,10m_to_25m,B,1988,female
SH0001410,mass,Nghe An,over_25m,D,2002,male
SH0001411,mass,Khanh Hoa,under_10m,C,1969,female
SH0001412,mass,Can Tho,under_10m,C,1977,male
SH0001413,emerging_affluent,Binh Duong,10m_to_25m,A,1980,male
SH0001414,emerging_affluent,Ho Chi Minh City,10m_to_25m,C,1983,male
SH0001415,mass,Long An,10m_to_25m,B,1973,male
SH0001416,mass,Ha Noi,over_25m,C,2002,female
SH0001417,mass,Bac Ninh,10m_to_25m,B,1974,female
SH0001418,emerging_affluent,Hai Phong,under_10m,D,1966,male
SH0001419,emerging_affluent,Ha Noi,under_10m,C,1972,male
SH0001420,emerging_affluent,Dong Nai,under_10m,E,2004,male
SH0001421,mass,Ha Noi,under_10m,C,1989,female
SH0001422,mass,Can Tho,over_25m,C,1994,female
SH0001423,mass,Bac Ninh,over_25m,B,1978,female
SH0001424,emerging_affluent,Ha Noi,under_10m,E,1983,female
SH0001425,mass,Ho Chi Minh City,under_10m,B,1993,male
SH0001426,mass,Thanh Hoa,over_25m,B,1994,male
SH0001427,mass,Long An,10m_to_25m,B,1969,male
SH0001428,mass,Dong Nai,10m_to_25m,C,2002,male
SH0001429,mass,Ha Noi,under_10m,D,1997,male
SH0001430,mass,Thanh Hoa,under_10m,C,1968,female
SH0001431,mass,Can Tho,10m_to_25m,C,1965,female
SH0001432,mass,Ho Chi Minh City,under_10m,C,2004,male
SH0001433,emerging_affluent,Da Nang,over_25m,B,1996,male
SH0001434,mass,Ho Chi Minh City,under_10m,C,1997,male
SH0001435,mass,Ho Chi Minh City,10m_to_25m,D,1993,male
SH0001436,mass,Ho Chi Minh City,10m_to_25m,C,1972,male
SH0001437,mass,Nghe An,10m_to_25m,E,1977,male
SH0001438,mass,Long An,10m_to_25m,D,1965,female
SH0001439,mass,Ha Noi,under_10m,D,2005,female
SH0001440,emerging_affluent,Bac Ninh,under_10m,E,1977,male
SH0001441,emerging_affluent,Long An,10m_to_25m,D,1981,male
SH0001442,mass,Ho Chi Minh City,under_10m,C,1997,male
SH0001443,mass,Thanh Hoa,10m_to_25m,B,1967,male
SH0001444,mass,Ho Chi Minh City,10m_to_25m,B,1994,male
SH0001445,mass,Dong Nai,under_10m,E,1986,male
SH0001446,emerging_affluent,Ho Chi Minh City,10m_to_25m,C,1976,female
SH0001447,mass,Ha Noi,under_10m,B,1999,male
SH0001448,mass,Binh Duong,under_10m,C,2001,female
SH0001449,mass,Ho Chi Minh City,10m_to_25m,A,1998,male
SH0001450,mass,Da Nang,10m_to_25m,A,1975,female
SH0001451,emerging_affluent,Nghe An,over_25m,C,1999,female
SH0001452,emerging_affluent,Can Tho,over_25m,D,1995,male
SH0001453,mass,Long An,over_25m,C,2003,female
SH0001454,emerging_affluent,Ha Noi,under_10m,B,1979,male
SH0001455,emerging_affluent,Binh Duong,10m_to_25m,D,1974,female
SH0001456,emerging_affluent,Ho Chi Minh City,10m_to_25m,C,1973,female
SH0001457,emerging_affluent,Binh Duong,10m_to_25m,C,1989,male
SH0001458,mass,Ho Chi Minh City,10m_to_25m,D,1977,male
SH0001459,mass,Long An,over_25m,C,1973,male
SH0001460,mass,Dong Nai,10m_to_25m,E,2000,female
SH0001461,mass,Long An,under_10m,A,1979,female
SH0001462,mass,Nghe An,under_10m,D,1988,male
SH0001463,mass,Khanh Hoa,over_25m,B,1999,female
SH0001464,mass,Thanh Hoa,10m_to_25m,C,1980,female
SH0001465,emerging_affluent,Thanh Hoa,10m_to_25m,C,1993,male
SH0001466,emerging_affluent,Can Tho,10m_to_25m,B,1972,female
SH0001467,mass,Hai Phong,under_10m,C,2003,female
SH0001468,mass,Binh Duong,10m_to_25m,B,1980,male
SH0001469,mass,Da Nang,under_10m,E,1985,female
SH0001470,mass,Ha Noi,under_10m,C,1996,male
SH0001471,mass,Nghe An,10m_to_25m,B,2003,male
SH0001472,mass,Ho Chi Minh City,over_25m,A,1965,female
SH0001473,mass,Ha Noi,over_25m,B,1986,female
SH0001474,emerging_affluent,Binh Duong,10m_to_25m,A,1996,male
SH0001475,mass,Binh Duong,under_10m,B,1989,female
SH0001476,mass,Bac Ninh,over_25m,C,1997,male
SH0001477,mass,Can Tho,10m_to_25m,D,1994,female
SH0001478,mass,Binh Duong,under_10m,C,1973,female
SH0001479,emerging_affluent,Bac Ninh,10m_to_25m,D,1991,female
SH0001480,mass,Dong Nai,under_10m,D,1977,male
SH0001481,mass,Ho Chi Minh City,under_10m,C,1975,female
SH0001482,mass,Ha Noi,10m_to_25m,A,1989,female
SH0001483,emerging_affluent,Long An,10m_to_25m,E,1988,male
SH0001484,mass,Ha Noi,under_10m,C,1988,female
SH0001485,mass,Ho Chi Minh City,10m_to_25m,C,1974,female
SH0001486,mass,Ha Noi,over_25m,C,1974,female
SH0001487,emerging_affluent,Binh Duong,10m_to_25m,C,1968,female
SH0001488,mass,Khanh Hoa,10m_to_25m,C,1974,male
SH0001489,mass,Binh Duong,under_10m,C,2003,male
SH0001490,emerging_affluent,Nghe An,under_10m,E,1999,female
SH0001491,mass,Thanh Hoa,under_10m,B,1990,male
SH0001492,mass,Da Nang,10m_to_25m,B,2005,male
SH0001493,mass,Long An,over_25m,C,1978,male
SH0001494,mass,Bac Ninh,under_10m,A,1994,female
SH0001495,emerging_affluent,Binh Duong,under_10m,D,1981,male
SH0001496,mass,Can Tho,under_10m,C,1971,male
SH0001497,mass,Hai Phong,under_10m,E,1991,male
SH0001498,mass,Long An,over_25m,C,1988,female
SH0001499,emerging_affluent,Ha Noi,over_25m,C,1967,male
SH0001500,mass,Ha Noi,under_10m,C,1966,male
SH0001501,emerging_affluent,Binh Duong,10m_to_25m,C,1970,female
SH0001502,mass,Dong Nai,10m_to_25m,C,1985,male
SH0001503,emerging_affluent,Ha Noi,10m_to_25m,E,1998,female
SH0001504,emerging_affluent,Ha Noi,under_10m,C,1980,male
SH0001505,mass,Thanh Hoa,under_10m,C,1994,female
SH0001506,mass,Thanh Hoa,10m_to_25m,C,1982,male
SH0001507,mass,Khanh Hoa,under_10m,D,1969,male
SH0001508,emerging_affluent,Ho Chi Minh City,over_25m,C,1995,male
SH0001509,mass,Thanh Hoa,under_10m,A,1982,male
SH0001510,mass,Can Tho,under_10m,C,1996,female
SH0001511,mass,Ho Chi Minh City,under_10m,E,1993,female
SH0001512,mass,Ha Noi,under_10m,B,1985,female
SH0001513,mass,Da Nang,under_10m,A,2000,male
SH0001514,emerging_affluent,Ha Noi,over_25m,B,2000,female
SH0001515,mass,Long An,under_10m,C,1997,female
SH0001516,mass,Da Nang,10m_to_25m,D,1980,male
SH0001517,mass,Hai Phong,10m_to_25m,C,1995,female
SH0001518,mass,Can Tho,10m_to_25m,B,1972,male
SH0001519,emerging_affluent,Ha Noi,10m_to_25m,B,2002,female
SH0001520,mass,Khanh Hoa,under_10m,D,1965,male
SH0001521,mass,Ha Noi,under_10m,C,2001,female
SH0001522,emerging_affluent,Ha Noi,under_10m,B,1978,male
SH0001523,mass,Dong Nai,10m_to_25m,C,1973,male
SH0001524,mass,Thanh Hoa,under_10m,C,1970,female
SH0001525,mass,Ha Noi,under_10m,E,1977,male
SH0001526,mass,Khanh Hoa,10m_to_25m,C,1979,male
SH0001527,mass,Hai Phong,10m_to_25m,D,1967,female
SH0001528,mass,Bac Ninh,under_10m,C,1986,female
SH0001529,mass,Bac Ninh,10m_to_25m,D,1998,female
SH0001530,mass,Long An,10m_to_25m,B,1977,male
SH0001531,emerging_affluent,Long An,under_10m,A,2003,male
SH0001532,mass,Dong Nai,over_25m,B,1977,female
SH0001533,emerging_affluent,Khanh Hoa,10m_to_25m,A,1974,male
SH0001534,mass,Da Nang,10m_to_25m,D,1976,male
SH0001535,mass,Hai Phong,10m_to_25m,B,2003,male
SH0001536,emerging_affluent,Can Tho,under_10m,C,1990,female
SH0001537,emerging_affluent,Ho Chi Minh City,under_10m,B,1997,male
SH0001538,mass,Ha Noi,over_25m,D,1987,female
SH0001539,mass,Da Nang,10m_to_25m,D,2002,male
SH0001540,mass,Long An,10m_to_25m,C,1996,male
SH0001541,mass,Dong Nai,under_10m,B,1997,male
SH0001542,mass,Dong Nai,under_10m,D,1969,male
SH0001543,mass,Ha Noi,10m_to_25m,D,1998,female
SH0001544,emerging_affluent,Ha Noi,10m_to_25m,B,1987,female
SH0001545,mass,Da Nang,10m_to_25m,B,2001,male
SH0001546,mass,Bac Ninh,under_10m,D,1997,male
SH0001547,mass,Hai Phong,10m_to_25m,B,1992,male
SH0001548,mass,Bac Ninh,10m_to_25m,C,1977,female
SH0001549,emerging_affluent,Da Nang,under_10m,C,1988,male
SH0001550,mass,Binh Duong,over_25m,C,1979,male
SH0001551,mass,Da Nang,10m_to_25m,B,1998,female
SH0001552,mass,Ha Noi,over_25m,D,1990,male
SH0001553,mass,Ho Chi Minh City,under_10m,B,2003,female
SH0001554,emerging_affluent,Ho Chi Minh City,under_10m,C,2000,female
SH0001555,mass,Bac Ninh,10m_to_25m,C,1995,male
SH0001556,emerging_affluent,Thanh Hoa,under_10m,C,2000,female
SH0001557,mass,Ha Noi,under_10m,D,2000,male
SH0001558,mass,Dong Nai,over_25m,C,1998,female
SH0001559,emerging_affluent,Can Tho,10m_to_25m,C,1990,male
SH0001560,mass,Bac Ninh,under_10m,C,1965,male
SH0001561,mass,Binh Duong,under_10m,D,1979,female
SH0001562,mass,Ho Chi Minh City,10m_to_25m,C,1965,female
SH0001563,mass,Ho Chi Minh City,under_10m,D,2000,female
SH0001564,mass,Long An,under_10m,C,1996,male
SH0001565,mass,Ho Chi Minh City,under_10m,B,2005,male
SH0001566,mass,Ha Noi,under_10m,D,1993,female
SH0001567,mass,Ha Noi,10m_to_25m,C,1969,female
SH0001568,emerging_affluent,Binh Duong,10m_to_25m,B,1991,female
SH0001569,mass,Ha Noi,over_25m,C,1967,female
SH0001570,mass,Nghe An,under_10m,C,1983,male
SH0001571,mass,Long An,10m_to_25m,A,1975,male
SH0001572,mass,Dong Nai,under_10m,B,2004,male
SH0001573,mass,Binh Duong,10m_to_25m,B,1975,female
SH0001574,mass,Bac Ninh,under_10m,B,1971,male
SH0001575,mass,Da Nang,under_10m,B,1988,female
SH0001576,mass,Bac Ninh,10m_to_25m,C,1985,female
SH0001577,mass,Dong Nai,under_10m,E,2001,male
SH0001578,emerging_affluent,Ho Chi Minh City,10m_to_25m,C,1998,female
SH0001579,mass,Binh Duong,10m_to_25m,D,1970,male
SH0001580,emerging_affluent,Ho Chi Minh City,under_10m,A,1968,female
SH0001581,mass,Khanh Hoa,under_10m,D,1978,female
SH0001582,mass,Ho Chi Minh City,under_10m,B,1982,male
SH0001583,mass,Hai Phong,10m_to_25m,C,1973,female
SH0001584,mass,Ho Chi Minh City,under_10m,D,1984,male
SH0001585,mass,Da Nang,under_10m,B,1994,female
SH0001586,mass,Da Nang,10m_to_25m,C,1999,female
SH0001587,emerging_affluent,Long An,over_25m,C,1985,male
SH0001588,mass,Ho Chi Minh City,10m_to_25m,C,1995,male
SH0001589,mass,Da Nang,under_10m,D,1976,female
SH0001590,mass,Ha Noi,under_10m,D,2000,female
SH0001591,emerging_affluent,Long An,10m_to_25m,C,1993,female
SH0001592,emerging_affluent,Thanh Hoa,10m_to_25m,B,2001,male
SH0001593,mass,Ho Chi Minh City,under_10m,C,1971,male
SH0001594,mass,Ho Chi Minh City,under_10m,C,1969,female
SH0001595,mass,Binh Duong,under_10m,E,1988,female
SH0001596,mass,Long An,under_10m,C,1971,female
SH0001597,mass,Da Nang,under_10m,E,1974,male
SH0001598,mass,Dong Nai,10m_to_25m,C,1982,male
SH0001599,emerging_affluent,Nghe An,under_10m,D,2001,female
SH0001600,mass,Khanh Hoa,10m_to_25m,B,1977,male
SH0001601,mass,Ha Noi,under_10m,D,1976,male
SH0001602,emerging_affluent,Ha Noi,over_25m,D,2005,female
SH0001603,emerging_affluent,Can Tho,over_25m,B,1989,female
SH0001604,emerging_affluent,Nghe An,over_25m,C,1968,male
SH0001605,emerging_affluent,Thanh Hoa,over_25m,D,1995,female
SH0001606,emerging_affluent,Ha Noi,under_10m,C,1987,male
SH0001607,mass,Nghe An,10m_to_25m,D,1980,female
SH0001608,mass,Binh Duong,under_10m,B,2001,female
SH0001609,emerging_affluent,Da Nang,10m_to_25m,D,1989,male
SH0001610,mass,Bac Ninh,under_10m,C,1980,female
SH0001611,emerging_affluent,Ho Chi Minh City,under_10m,B,2001,female
SH0001612,emerging_affluent,Dong Nai,10m_to_25m,A,1985,male
SH0001613,mass,Ha Noi,10m_to_25m,C,1981,male
SH0001614,emerging_affluent,Ha Noi,under_10m,B,2005,female
SH0001615,mass,Long An,10m_to_25m,E,1972,female
SH0001616,mass,Ha Noi,under_10m,A,1975,female
SH0001617,emerging_affluent,Khanh Hoa,10m_to_25m,D,1966,male
SH0001618,mass,Dong Nai,under_10m,B,2004,male
SH0001619,emerging_affluent,Ho Chi Minh City,10m_to_25m,B,1972,male
SH0001620,mass,Ha Noi,10m_to_25m,C,1993,male
SH0001621,mass,Ho Chi Minh City,under_10m,C,1985,female
SH0001622,mass,Dong Nai,over_25m,D,1984,male
SH0001623,mass,Dong Nai,under_10m,C,1965,male
SH0001624,mass,Thanh Hoa,under_10m,C,1999,male
SH0001625,emerging_affluent,Ha Noi,over_25m,B,2004,female
SH0001626,emerging_affluent,Da Nang,under_10m,B,1977,male
SH0001627,mass,Nghe An,under_10m,D,1997,male
SH0001628,mass,Ho Chi Minh City,10m_to_25m,B,1972,female
SH0001629,mass,Thanh Hoa,10m_to_25m,A,1980,female
SH0001630,mass,Ha Noi,10m_to_25m,C,1991,male
SH0001631,mass,Ha Noi,over_25m,C,1985,male
SH0001632,emerging_affluent,Nghe An,under_10m,B,1996,male
SH0001633,mass,Ho Chi Minh City,10m_to_25m,C,2002,female
SH0001634,emerging_affluent,Khanh Hoa,10m_to_25m,D,1985,male
SH0001635,mass,Da Nang,over_25m,B,1966,female
SH0001636,mass,Ho Chi Minh City,over_25m,D,1977,male
SH0001637,emerging_affluent,Thanh Hoa,under_10m,C,1991,male
SH0001638,mass,Ho Chi Minh City,under_10m,C,2000,female
SH0001639,mass,Ha Noi,over_25m,B,1983,male
SH0001640,mass,Bac Ninh,under_10m,D,2000,female
SH0001641,emerging_affluent,Ho Chi Minh City,10m_to_25m,D,2005,male
SH0001642,emerging_affluent,Khanh Hoa,under_10m,A,1979,male
SH0001643,emerging_affluent,Hai Phong,10m_to_25m,B,1981,female
SH0001644,mass,Bac Ninh,under_10m,B,1973,male
SH0001645,mass,Ha Noi,under_10m,B,1989,male
SH0001646,mass,Hai Phong,under_10m,C,1965,female
SH0001647,emerging_affluent,Dong Nai,10m_to_25m,E,1999,male
SH0001648,emerging_affluent,Da Nang,over_25m,C,1972,female
SH0001649,mass,Ho Chi Minh City,10m_to_25m,C,1989,male
SH0001650,mass,Ho Chi Minh City,10m_to_25m,C,1972,female
SH0001651,mass,Ho Chi Minh City,under_10m,B,1998,female
SH0001652,mass,Ho Chi Minh City,under_10m,A,1965,male
SH0001653,mass,Ha Noi,under_10m,C,1998,male
SH0001654,mass,Ha Noi,under_10m,C,1998,male
SH0001655,emerging_affluent,Binh Duong,under_10m,C,1987,male
SH0001656,emerging_affluent,Hai Phong,10m_to_25m,B,1986,male
SH0001657,emerging_affluent,Bac Ninh,under_10m,C,1980,female
SH0001658,emerging_affluent,Hai Phong,under_10m,C,2005,female
SH0001659,emerging_affluent,Long An,over_25m,B,1989,male
SH0001660,mass,Nghe An,10m_to_25m,B,1973,female
SH0001661,mass,Ho Chi Minh City,10m_to_25m,A,1995,male
SH0001662,mass,Long An,under_10m,B,1989,male
SH0001663,mass,Thanh Hoa,under_10m,D,1974,male
SH0001664,mass,Dong Nai,under_10m,B,1980,male
SH0001665,mass,Binh Duong,over_25m,C,2004,male
SH0001666,mass,Ho Chi Minh City,under_10m,D,1965,female
SH0001667,mass,Can Tho,10m_to_25m,B,1985,female
SH0001668,mass,Ho Chi Minh City,10m_to_25m,A,1975,male
SH0001669,mass,Bac Ninh,10m_to_25m,D,2005,male
SH0001670,mass,Da Nang,under_10m,E,1974,female
SH0001671,mass,Hai Phong,10m_to_25m,C,1995,female
SH0001672,mass,Ho Chi Minh City,under_10m,C,1973,male
SH0001673,mass,Dong Nai,10m_to_25m,B,1975,female
SH0001674,mass,Bac Ninh,under_10m,D,2004,female
SH0001675,emerging_affluent,Dong Nai,over_25m,C,1975,female
SH0001676,mass,Ho Chi Minh City,10m_to_25m,E,2004,female
SH0001677,emerging_affluent,Thanh Hoa,under_10m,B,1971,male
SH0001678,emerging_affluent,Ha Noi,over_25m,D,1997,female
SH0001679,emerging_affluent,Bac Ninh,10m_to_25m,D,1967,female
SH0001680,mass,Ho Chi Minh City,10m_to_25m,D,1992,female
SH0001681,mass,Ha Noi,under_10m,C,1985,male
SH0001682,mass,Khanh Hoa,10m_to_25m,D,1974,male
SH0001683,emerging_affluent,Ha Noi,10m_to_25m,B,1993,male
SH0001684,mass,Khanh Hoa,under_10m,E,1982,male
SH0001685,mass,Dong Nai,10m_to_25m,C,1999,female
SH0001686,emerging_affluent,Nghe An,under_10m,D,2002,female
SH0001687,mass,Thanh Hoa,over_25m,A,1989,male
SH0001688,emerging_affluent,Can Tho,over_25m,C,1967,male
SH0001689,emerging_affluent,Binh Duong,10m_to_25m,C,1969,male
SH0001690,emerging_affluent,Da Nang,10m_to_25m,A,1973,male
SH0001691,emerging_affluent,Thanh Hoa,10m_to_25m,A,1969,male
SH0001692,mass,Ha Noi,10m_to_25m,A,1997,male
SH0001693,mass,Khanh Hoa,10m_to_25m,B,2003,female
SH0001694,mass,Ha Noi,under_10m,E,1982,female
SH0001695,mass,Ha Noi,10m_to_25m,B,1996,male
SH0001696,mass,Binh Duong,10m_to_25m,C,2004,male
SH0001697,mass,Ha Noi,under_10m,C,1989,male
SH0001698,emerging_affluent,Long An,under_10m,C,1965,female
SH0001699,mass,Ho Chi Minh City,10m_to_25m,B,1967,female
SH0001700,mass,Long An,10m_to_25m,C,1995,male
SH0001701,mass,Hai Phong,10m_to_25m,C,1985,male
SH0001702,mass,Can Tho,10m_to_25m,A,1995,male
SH0001703,mass,Da Nang,10m_to_25m,B,1990,male
SH0001704,emerging_affluent,Thanh Hoa,10m_to_25m,D,2005,male
SH0001705,mass,Binh Duong,under_10m,E,2004,male
SH0001706,mass,Ho Chi Minh City,10m_to_25m,C,2004,male
SH0001707,mass,Da Nang,over_25m,D,1984,male
SH0001708,mass,Ho Chi Minh City,10m_to_25m,C,1970,male
SH0001709,mass,Dong Nai,over_25m,D,1992,female
SH0001710,mass,Long An,10m_to_25m,C,1996,female
SH0001711,mass,Thanh Hoa,10m_to_25m,C,1985,female
SH0001712,mass,Ho Chi Minh City,over_25m,D,1996,female
SH0001713,mass,Hai Phong,over_25m,A,1995,male
SH0001714,mass,Da Nang,10m_to_25m,D,1987,male
SH0001715,emerging_affluent,Dong Nai,10m_to_25m,B,1993,female
SH0001716,emerging_affluent,Khanh Hoa,10m_to_25m,B,1986,female
SH0001717,mass,Khanh Hoa,over_25m,D,1972,male
SH0001718,mass,Dong Nai,10m_to_25m,C,1975,male
SH0001719,mass,Ho Chi Minh City,10m_to_25m,C,2003,male
SH0001720,mass,Ha Noi,under_10m,C,1980,female
SH0001721,mass,Can Tho,under_10m,E,1966,male
SH0001722,mass,Ho Chi Minh City,10m_to_25m,B,1988,female
SH0001723,mass,Ho Chi Minh City,under_10m,E,1965,female
SH0001724,mass,Khanh Hoa,10m_to_25m,E,1987,male
SH0001725,emerging_affluent,Binh Duong,under_10m,C,1991,male
SH0001726,emerging_affluent,Khanh Hoa,under_10m,E,1971,female
SH0001727,mass,Long An,under_10m,B,1968,female
SH0001728,mass,Ha Noi,10m_to_25m,C,1973,male
SH0001729,mass,Nghe An,under_10m,D,1990,male
SH0001730,mass,Da Nang,under_10m,D,1984,male
SH0001731,mass,Nghe An,under_10m,B,2001,female
SH0001732,mass,Bac Ninh,10m_to_25m,A,2003,female
SH0001733,emerging_affluent,Da Nang,under_10m,C,1968,male
SH0001734,mass,Long An,over_25m,C,1983,female
SH0001735,mass,Ho Chi Minh City,over_25m,E,1994,male
SH0001736,mass,Hai Phong,under_10m,C,2001,female
SH0001737,emerging_affluent,Khanh Hoa,under_10m,C,1971,male
SH0001738,mass,Ho Chi Minh City,under_10m,C,1971,female
SH0001739,mass,Long An,under_10m,C,1992,female
SH0001740,mass,Long An,10m_to_25m,A,1965,female
SH0001741,mass,Ho Chi Minh City,10m_to_25m,A,1991,male
SH0001742,mass,Ha Noi,under_10m,A,1974,female
SH0001743,emerging_affluent,Ha Noi,10m_to_25m,D,1974,male
SH0001744,emerging_affluent,Can Tho,under_10m,D,1983,male
SH0001745,mass,Dong Nai,10m_to_25m,B,1991,female
SH0001746,mass,Can Tho,10m_to_25m,B,1974,female
SH0001747,emerging_affluent,Nghe An,10m_to_25m,C,1972,female
SH0001748,emerging_affluent,Ha Noi,10m_to_25m,C,1982,male
SH0001749,mass,Ho Chi Minh City,under_10m,C,1982,female
SH0001750,emerging_affluent,Ha Noi,over_25m,D,1995,female
SH0001751,mass,Bac Ninh,over_25m,C,1974,female
SH0001752,mass,Thanh Hoa,under_10m,C,1977,male
SH0001753,mass,Long An,under_10m,D,1998,male
SH0001754,mass,Binh Duong,over_25m,C,1985,male
SH0001755,mass,Dong Nai,10m_to_25m,D,1973,male
SH0001756,emerging_affluent,Binh Duong,10m_to_25m,C,1983,male
SH0001757,mass,Khanh Hoa,10m_to_25m,B,1981,male
SH0001758,emerging_affluent,Ha Noi,over_25m,E,1980,female
SH0001759,emerging_affluent,Khanh Hoa,over_25m,C,1976,male
SH0001760,mass,Ho Chi Minh City,10m_to_25m,C,1969,male
SH0001761,emerging_affluent,Dong Nai,under_10m,B,1966,female
SH0001762,emerging_affluent,Da Nang,under_10m,B,1967,male
SH0001763,mass,Ho Chi Minh City,10m_to_25m,C,1995,female
SH0001764,mass,Hai Phong,under_10m,A,1990,male
SH0001765,mass,Da Nang,under_10m,D,1976,female
SH0001766,mass,Bac Ninh,10m_to_25m,C,1967,female
SH0001767,mass,Long An,under_10m,A,1965,female
SH0001768,emerging_affluent,Ha Noi,over_25m,C,1966,male
SH0001769,mass,Bac Ninh,under_10m,C,1997,female
SH0001770,mass,Ha Noi,over_25m,B,1965,male
SH0001771,mass,Long An,10m_to_25m,C,1965,male
SH0001772,mass,Khanh Hoa,10m_to_25m,D,1966,female
SH0001773,emerging_affluent,Bac Ninh,under_10m,E,2001,female
SH0001774,mass,Ha Noi,10m_to_25m,C,2005,female
SH0001775,mass,Nghe An,over_25m,A,1968,male
SH0001776,mass,Ha Noi,10m_to_25m,B,2004,female
SH0001777,mass,Hai Phong,10m_to_25m,D,1968,male
SH0001778,mass,Khanh Hoa,under_10m,C,1998,female
SH0001779,mass,Hai Phong,10m_to_25m,B,1972,male
SH0001780,mass,Khanh Hoa,under_10m,B,1992,female
SH0001781,mass,Ha Noi,under_10m,B,1969,male
SH0001782,mass,Ha Noi,under_10m,C,1978,male
SH0001783,emerging_affluent,Binh Duong,under_10m,D,1993,female
SH0001784,mass,Ha Noi,10m_to_25m,B,1982,male
SH0001785,emerging_affluent,Long An,under_10m,A,1967,female
SH0001786,emerging_affluent,Da Nang,10m_to_25m,D,1993,female
SH0001787,mass,Binh Duong,over_25m,C,1980,female
SH0001788,emerging_affluent,Hai Phong,under_10m,D,2004,female
SH0001789,mass,Hai Phong,10m_to_25m,D,1965,female
SH0001790,mass,Bac Ninh,under_10m,C,1986,male
SH0001791,mass,Bac Ninh,under_10m,A,1999,female
SH0001792,mass,Dong Nai,under_10m,B,1986,male
SH0001793,mass,Dong Nai,10m_to_25m,B,1990,female
SH0001794,emerging_affluent,Ha Noi,under_10m,C,1988,male
SH0001795,emerging_affluent,Can Tho,under_10m,D,1971,male
SH0001796,mass,Ha Noi,under_10m,D,1992,female
SH0001797,mass,Ho Chi Minh City,under_10m,C,1979,male
SH0001798,emerging_affluent,Ho Chi Minh City,10m_to_25m,D,1996,male
SH0001799,mass,Binh Duong,under_10m,D,1988,male
SH0001800,mass,Khanh Hoa,10m_to_25m,C,1978,female
SH0001801,mass,Ho Chi Minh City,10m_to_25m,C,1973,male
SH0001802,emerging_affluent,Thanh Hoa,under_10m,D,1980,male
SH0001803,mass,Bac Ninh,under_10m,B,2001,male
SH0001804,mass,Khanh Hoa,over_25m,B,1991,female
SH0001805,mass,Thanh Hoa,over_25m,C,1966,female
SH0001806,mass,Da Nang,under_10m,C,1981,male
SH0001807,mass,Ho Chi Minh City,under_10m,B,2000,female
SH0001808,emerging_affluent,Thanh Hoa,under_10m,D,1977,female
SH0001809,emerging_affluent,Ho Chi Minh City,under_10m,C,1966,male
SH0001810,emerging_affluent,Ha Noi,10m_to_25m,C,1977,female
SH0001811,mass,Binh Duong,under_10m,B,1995,male
SH0001812,mass,Hai Phong,over_25m,A,1988,male
SH0001813,mass,Ha Noi,10m_to_25m,D,1990,female
SH0001814,mass,Da Nang,10m_to_25m,B,1986,female
SH0001815,mass,Da Nang,under_10m,A,1969,male
SH0001816,mass,Bac Ninh,over_25m,D,1985,female
SH0001817,mass,Ha Noi,under_10m,C,1978,male
SH0001818,mass,Ho Chi Minh City,under_10m,B,1971,male
SH0001819,mass,Da Nang,under_10m,A,1994,female
SH0001820,mass,Ho Chi Minh City,over_25m,B,1987,male
SH0001821,mass,Da Nang,under_10m,E,1985,female
SH0001822,emerging_affluent,Binh Duong,under_10m,D,1992,male
SH0001823,emerging_affluent,Ha Noi,under_10m,B,1977,male
SH0001824,emerging_affluent,Ha Noi,10m_to_25m,C,1977,female
SH0001825,emerging_affluent,Bac Ninh,over_25m,D,1969,female
SH0001826,mass,Long An,under_10m,C,1978,female
SH0001827,mass,Binh Duong,10m_to_25m,C,1978,female
SH0001828,mass,Bac Ninh,under_10m,C,1998,male
SH0001829,mass,Hai Phong,under_10m,D,1972,male
SH0001830,mass,Bac Ninh,10m_to_25m,A,1976,female
SH0001831,emerging_affluent,Da Nang,under_10m,B,1981,female
SH0001832,mass,Khanh Hoa,10m_to_25m,B,1993,female
SH0001833,mass,Khanh Hoa,10m_to_25m,C,1972,female
SH0001834,emerging_affluent,Ho Chi Minh City,10m_to_25m,D,1987,female
SH0001835,mass,Thanh Hoa,10m_to_25m,B,1971,male
SH0001836,emerging_affluent,Binh Duong,10m_to_25m,A,2000,female
SH0001837,emerging_affluent,Ho Chi Minh City,10m_to_25m,E,1974,female
SH0001838,mass,Nghe An,under_10m,E,1985,female
SH0001839,mass,Ho Chi Minh City,under_10m,D,1980,male
SH0001840,emerging_affluent,Da Nang,10m_to_25m,C,1983,male
SH0001841,mass,Ha Noi,under_10m,B,1974,male
SH0001842,emerging_affluent,Ho Chi Minh City,under_10m,C,2002,female
SH0001843,emerging_affluent,Ho Chi Minh City,10m_to_25m,B,1984,male
SH0001844,mass,Thanh Hoa,under_10m,A,1980,female
SH0001845,mass,Ha Noi,over_25m,A,1970,male
SH0001846,mass,Da Nang,10m_to_25m,D,1976,male
SH0001847,mass,Ho Chi Minh City,10m_to_25m,D,1979,male
SH0001848,mass,Can Tho,10m_to_25m,C,1985,female
SH0001849,emerging_affluent,Ha Noi,10m_to_25m,D,2004,male
SH0001850,mass,Binh Duong,over_25m,B,1974,male
SH0001851,emerging_affluent,Hai Phong,under_10m,C,1968,female
SH0001852,mass,Nghe An,under_10m,A,1995,male
SH0001853,mass,Bac Ninh,under_10m,E,1979,female
SH0001854,mass,Ho Chi Minh City,under_10m,E,1981,male
SH0001855,emerging_affluent,Bac Ninh,10m_to_25m,D,1990,male
SH0001856,mass,Hai Phong,10m_to_25m,C,1982,male
SH0001857,mass,Ho Chi Minh City,under_10m,A,1979,male
SH0001858,mass,Khanh Hoa,10m_to_25m,A,1975,male
SH0001859,mass,Hai Phong,10m_to_25m,D,1997,female
SH0001860,emerging_affluent,Thanh Hoa,under_10m,A,1969,male
SH0001861,mass,Bac Ninh,under_10m,D,1996,female
SH0001862,mass,Dong Nai,under_10m,C,2005,male
SH0001863,mass,Ho Chi Minh City,under_10m,D,1974,female
SH0001864,mass,Da Nang,over_25m,D,1969,female
SH0001865,mass,Nghe An,under_10m,D,1977,male
SH0001866,emerging_affluent,Ho Chi Minh City,10m_to_25m,E,1969,male
SH0001867,mass,Ha Noi,10m_to_25m,B,1977,female
SH0001868,mass,Ha Noi,over_25m,C,1977,male
SH0001869,emerging_affluent,Ho Chi Minh City,10m_to_25m,A,1970,female
SH0001870,emerging_affluent,Bac Ninh,under_10m,E,1989,male
SH0001871,emerging_affluent,Ho Chi Minh City,10m_to_25m,B,2001,male
SH0001872,emerging_affluent,Can Tho,under_10m,A,1982,female
SH0001873,mass,Nghe An,over_25m,B,1982,male
SH0001874,mass,Khanh Hoa,over_25m,C,1970,female
SH0001875,mass,Ho Chi Minh City,under_10m,C,1993,female
SH0001876,mass,Khanh Hoa,10m_to_25m,B,1970,female
SH0001877,emerging_affluent,Binh Duong,10m_to_25m,B,1982,female
SH0001878,mass,Ha Noi,under_10m,B,1984,male
SH0001879,emerging_affluent,Thanh Hoa,10m_to_25m,A,1980,male
SH0001880,mass,Binh Duong,over_25m,B,1976,female
SH0001881,mass,Hai Phong,over_25m,C,2005,female
SH0001882,mass,Nghe An,under_10m,D,1983,male
SH0001883,emerging_affluent,Dong Nai,10m_to_25m,C,1987,female
SH0001884,mass,Hai Phong,10m_to_25m,D,1986,female
SH0001885,mass,Ha Noi,under_10m,D,1992,male
SH0001886,emerging_affluent,Hai Phong,under_10m,A,1987,male
SH0001887,emerging_affluent,Ho Chi Minh City,10m_to_25m,B,1994,female
SH0001888,mass,Ha Noi,10m_to_25m,A,2002,female
SH0001889,mass,Da Nang,10m_to_25m,B,1977,female
SH0001890,emerging_affluent,Binh Duong,10m_to_25m,C,1992,female
SH0001891,mass,Binh Duong,over_25m,D,1967,female
SH0001892,mass,Ha Noi,10m_to_25m,B,1970,male
SH0001893,mass,Hai Phong,under_10m,C,1992,female
SH0001894,mass,Ho Chi Minh City,under_10m,E,2005,male
SH0001895,emerging_affluent,Ha Noi,under_10m,B,1965,male
SH0001896,mass,Ho Chi Minh City,10m_to_25m,B,1989,female
SH0001897,mass,Bac Ninh,10m_to_25m,B,1990,male
SH0001898,emerging_affluent,Ho Chi Minh City,under_10m,D,1986,female
SH0001899,mass,Da Nang,over_25m,C,1977,female
SH0001900,emerging_affluent,Ha Noi,under_10m,A,2002,male
SH0001901,emerging_affluent,Long An,under_10m,C,2001,female
SH0001902,mass,Thanh Hoa,under_10m,C,2003,female
SH0001903,mass,Binh Duong,under_10m,D,1965,male
SH0001904,mass,Ho Chi Minh City,under_10m,B,1980,female
SH0001905,mass,Long An,under_10m,C,1999,male
SH0001906,emerging_affluent,Ho Chi Minh City,over_25m,A,1981,female
SH0001907,mass,Nghe An,under_10m,A,1975,male
SH0001908,mass,Bac Ninh,10m_to_25m,E,1991,male
SH0001909,mass,Thanh Hoa,10m_to_25m,C,2000,female
SH0001910,mass,Ha Noi,under_10m,C,1999,female
SH0001911,mass,Can Tho,under_10m,D,1988,male
SH0001912,mass,Khanh Hoa,under_10m,D,1984,male
SH0001913,mass,Ho Chi Minh City,over_25m,D,1991,female
SH0001914,mass,Ha Noi,over_25m,C,1994,female
SH0001915,mass,Binh Duong,10m_to_25m,A,1969,female
SH0001916,mass,Can Tho,under_10m,C,1973,female
SH0001917,emerging_affluent,Hai Phong,10m_to_25m,B,2004,female
SH0001918,emerging_affluent,Ha Noi,10m_to_25m,C,1971,female
SH0001919,mass,Long An,over_25m,A,2002,male
SH0001920,mass,Thanh Hoa,under_10m,D,1970,female
SH0001921,emerging_affluent,Ha Noi,under_10m,C,1986,male
SH0001922,emerging_affluent,Ho Chi Minh City,under_10m,E,1983,female
SH0001923,mass,Long An,10m_to_25m,C,1982,male
SH0001924,mass,Thanh Hoa,under_10m,D,2000,male
SH0001925,mass,Thanh Hoa,10m_to_25m,C,1984,male
SH0001926,mass,Ha Noi,under_10m,D,1984,female
SH0001927,mass,Can Tho,under_10m,C,1997,male
SH0001928,emerging_affluent,Da Nang,10m_to_25m,D,1980,female
SH0001929,mass,Long An,over_25m,E,1969,female
SH0001930,mass,Ha Noi,over_25m,B,1985,female
SH0001931,mass,Ho Chi Minh City,over_25m,D,1977,female
SH0001932,emerging_affluent,Hai Phong,10m_to_25m,C,1972,female
SH0001933,emerging_affluent,Ha Noi,10m_to_25m,B,1967,female
SH0001934,mass,Dong Nai,10m_to_25m,A,1992,female
SH0001935,mass,Nghe An,10m_to_25m,D,1987,female
SH0001936,mass,Thanh Hoa,under_10m,C,1985,female
SH0001937,emerging_affluent,Ho Chi Minh City,under_10m,D,1974,female
SH0001938,mass,Ho Chi Minh City,10m_to_25m,D,1994,male
SH0001939,mass,Long An,over_25m,D,1970,male
SH0001940,mass,Dong Nai,under_10m,B,1991,male
SH0001941,mass,Ha Noi,10m_to_25m,E,1997,male
SH0001942,emerging_affluent,Khanh Hoa,under_10m,C,1992,male
SH0001943,emerging_affluent,Khanh Hoa,10m_to_25m,C,1998,male
SH0001944,mass,Nghe An,over_25m,D,1988,female
SH0001945,emerging_affluent,Ha Noi,under_10m,C,1974,male
SH0001946,emerging_affluent,Long An,10m_to_25m,C,1976,male
SH0001947,mass,Thanh Hoa,over_25m,C,1972,female
SH0001948,emerging_affluent,Long An,under_10m,C,1998,male
SH0001949,mass,Long An,10m_to_25m,A,1977,male
SH0001950,mass,Ha Noi,under_10m,B,1983,female
SH0001951,mass,Da Nang,10m_to_25m,D,1994,male
SH0001952,mass,Ha Noi,over_25m,B,1984,male
SH0001953,emerging_affluent,Ha Noi,under_10m,E,1981,female
SH0001954,emerging_affluent,Ha Noi,10m_to_25m,C,1969,male
SH0001955,mass,Thanh Hoa,under_10m,B,1982,female
SH0001956,mass,Ha Noi,10m_to_25m,D,1994,male
SH0001957,mass,Can Tho,10m_to_25m,B,2001,female
SH0001958,mass,Nghe An,under_10m,C,1988,female
SH0001959,mass,Dong Nai,under_10m,C,1966,female
SH0001960,emerging_affluent,Ho Chi Minh City,10m_to_25m,D,1973,male
SH0001961,mass,Thanh Hoa,under_10m,E,1990,female
SH0001962,mass,Nghe An,under_10m,B,1965,female
SH0001963,emerging_affluent,Bac Ninh,under_10m,C,1986,female
SH0001964,emerging_affluent,Ho Chi Minh City,over_25m,B,1997,male
SH0001965,mass,Binh Duong,10m_to_25m,B,1967,male
SH0001966,emerging_affluent,Ho Chi Minh City,under_10m,C,1994,male
SH0001967,mass,Long An,10m_to_25m,D,1969,male
SH0001968,emerging_affluent,Ho Chi Minh City,under_10m,B,1988,male
SH0001969,mass,Ho Chi Minh City,10m_to_25m,C,1991,female
SH0001970,mass,Hai Phong,under_10m,C,1990,male
SH0001971,mass,Ha Noi,under_10m,D,1979,male
SH0001972,mass,Thanh Hoa,10m_to_25m,B,1989,female
SH0001973,emerging_affluent,Can Tho,10m_to_25m,C,1967,male
SH0001974,emerging_affluent,Hai Phong,over_25m,B,1974,female
SH0001975,mass,Nghe An,under_10m,D,1992,female
SH0001976,mass,Ho Chi Minh City,under_10m,A,1968,male
SH0001977,mass,Thanh Hoa,under_10m,D,2004,female
SH0001978,mass,Dong Nai,under_10m,C,1973,male
SH0001979,emerging_affluent,Bac Ninh,10m_to_25m,D,1969,male
SH0001980,mass,Ha Noi,10m_to_25m,C,1996,male
SH0001981,emerging_affluent,Ho Chi Minh City,10m_to_25m,C,1974,female
SH0001982,emerging_affluent,Ha Noi,under_10m,B,2003,male
SH0001983,mass,Ha Noi,under_10m,A,1981,female
SH0001984,emerging_affluent,Ha Noi,over_25m,D,1981,female
SH0001985,emerging_affluent,Bac Ninh,over_25m,C,1991,female
SH0001986,mass,Long An,10m_to_25m,C,1970,female
SH0001987,mass,Ha Noi,10m_to_25m,D,1977,male
SH0001988,mass,Ha Noi,10m_to_25m,D,1969,female
SH0001989,emerging_affluent,Nghe An,10m_to_25m,C,1970,male
SH0001990,emerging_affluent,Bac Ninh,10m_to_25m,C,1982,female
SH0001991,emerging_affluent,Long An,10m_to_25m,B,2004,male
SH0001992,mass,Can Tho,10m_to_25m,E,2000,female
SH0001993,mass,Long An,over_25m,B,1987,female
SH0001994,mass,Binh Duong,10m_to_25m,B,1986,female
SH0001995,mass,Nghe An,10m_to_25m,D,1989,female
SH0001996,mass,Bac Ninh,under_10m,C,2003,male
SH0001997,mass,Bac Ninh,under_10m,B,1988,female
SH0001998,mass,Binh Duong,under_10m,E,1977,male
SH0001999,mass,Khanh Hoa,10m_to_25m,B,1989,male
SH0002000,mass,Nghe An,10m_to_25m,C,1971,female
SH0002001,emerging_affluent,Khanh Hoa,over_25m,D,1966,male
SH0002002,mass,Binh Duong,under_10m,D,1990,female
SH0002003,mass,Thanh Hoa,over_25m,C,1992,female
SH0002004,mass,Khanh Hoa,10m_to_25m,C,1981,female
SH0002005,mass,Nghe An,10m_to_25m,A,1996,female
SH0002006,emerging_affluent,Nghe An,under_10m,B,1991,female
SH0002007,emerging_affluent,Binh Duong,10m_to_25m,C,2000,male
SH0002008,emerging_affluent,Khanh Hoa,under_10m,D,1968,male
SH0002009,emerging_affluent,Khanh Hoa,under_10m,C,1997,female
SH0002010,mass,Ho Chi Minh City,over_25m,C,1981,male
SH0002011,mass,Binh Duong,over_25m,A,1973,male
SH0002012,mass,Hai Phong,under_10m,B,1967,male
SH0002013,mass,Nghe An,under_10m,E,1982,male
SH0002014,mass,Binh Duong,over_25m,B,2000,male
SH0002015,emerging_affluent,Da Nang,10m_to_25m,C,1974,female
SH0002016,mass,Binh Duong,over_25m,D,1985,female
SH0002017,mass,Hai Phong,under_10m,C,1989,female
SH0002018,emerging_affluent,Ho Chi Minh City,under_10m,C,1986,male
SH0002019,mass,Thanh Hoa,10m_to_25m,C,2000,female
SH0002020,emerging_affluent,Ha Noi,10m_to_25m,C,1967,male
SH0002021,mass,Thanh Hoa,under_10m,C,1986,male
SH0002022,mass,Ho Chi Minh City,under_10m,C,1991,female
SH0002023,mass,Can Tho,over_25m,B,1992,male
SH0002024,mass,Ho Chi Minh City,10m_to_25m,B,1976,male
SH0002025,emerging_affluent,Ho Chi Minh City,over_25m,D,2004,female
SH0002026,mass,Bac Ninh,under_10m,B,1979,female
SH0002027,mass,Ha Noi,under_10m,A,1970,male
SH0002028,mass,Binh Duong,under_10m,B,1995,female
SH0002029,emerging_affluent,Ho Chi Minh City,over_25m,B,1966,male
SH0002030,mass,Ho Chi Minh City,under_10m,E,1987,female
SH0002031,emerging_affluent,Nghe An,10m_to_25m,D,1965,female
SH0002032,emerging_affluent,Da Nang,over_25m,C,1978,female
SH0002033,emerging_affluent,Nghe An,10m_to_25m,B,1993,female
SH0002034,emerging_affluent,Da Nang,under_10m,C,1974,female
SH0002035,mass,Khanh Hoa,under_10m,B,1974,female
SH0002036,mass,Long An,10m_to_25m,A,1975,male
SH0002037,emerging_affluent,Ho Chi Minh City,under_10m,C,1969,female
SH0002038,mass,Ho Chi Minh City,10m_to_25m,C,1996,female
SH0002039,emerging_affluent,Ho Chi Minh City,under_10m,A,1990,male
SH0002040,emerging_affluent,Ho Chi Minh City,under_10m,C,1998,female
SH0002041,mass,Ho Chi Minh City,10m_to_25m,A,1991,male
SH0002042,mass,Ho Chi Minh City,10m_to_25m,D,1975,male
SH0002043,emerging_affluent,Khanh Hoa,10m_to_25m,C,1967,female
SH0002044,emerging_affluent,Hai Phong,under_10m,D,2000,male
SH0002045,emerging_affluent,Can Tho,10m_to_25m,B,1991,female
SH0002046,mass,Ho Chi Minh City,10m_to_25m,D,1978,male
SH0002047,mass,Ha Noi,under_10m,C,1984,male
SH0002048,mass,Ho Chi Minh City,over_25m,C,1967,male
SH0002049,mass,Ho Chi Minh City,10m_to_25m,A,1970,male
SH0002050,mass,Ho Chi Minh City,over_25m,B,1979,male
SH0002051,mass,Ha Noi,under_10m,B,1970,female
SH0002052,mass,Da Nang,under_10m,D,1996,male
SH0002053,mass,Thanh Hoa,under_10m,D,2003,male
SH0002054,mass,Ho Chi Minh City,10m_to_25m,D,2005,female
SH0002055,mass,Bac Ninh,10m_to_25m,E,1995,female
SH0002056,emerging_affluent,Bac Ninh,10m_to_25m,B,2005,female
SH0002057,mass,Ho Chi Minh City,10m_to_25m,C,1974,male
SH0002058,mass,Ho Chi Minh City,under_10m,A,1972,female
SH0002059,mass,Ha Noi,10m_to_25m,D,1979,female
SH0002060,mass,Ho Chi Minh City,under_10m,D,2002,female
SH0002061,mass,Bac Ninh,under_10m,B,2004,female
SH0002062,mass,Ho Chi Minh City,10m_to_25m,B,1984,female
SH0002063,mass,Ho Chi Minh City,10m_to_25m,C,1978,male
SH0002064,mass,Ha Noi,over_25m,A,1989,male
SH0002065,mass,Ho Chi Minh City,under_10m,C,1971,male
SH0002066,mass,Ha Noi,10m_to_25m,C,1990,female
SH0002067,emerging_affluent,Ho Chi Minh City,under_10m,D,1990,male
SH0002068,mass,Long An,under_10m,B,1976,female
SH0002069,emerging_affluent,Ha Noi,under_10m,C,1967,male
SH0002070,mass,Dong Nai,10m_to_25m,C,1978,male
SH0002071,mass,Ho Chi Minh City,under_10m,B,1970,female
SH0002072,mass,Can Tho,under_10m,D,1986,female
SH0002073,mass,Dong Nai,over_25m,D,1994,female
SH0002074,mass,Ha Noi,10m_to_25m,C,1981,female
SH0002075,mass,Ho Chi Minh City,under_10m,A,1986,male
SH0002076,emerging_affluent,Nghe An,10m_to_25m,D,1990,female
SH0002077,emerging_affluent,Can Tho,under_10m,C,2003,female
SH0002078,mass,Ho Chi Minh City,10m_to_25m,B,1975,male
SH0002079,mass,Long An,10m_to_25m,D,1970,male
SH0002080,mass,Khanh Hoa,under_10m,D,2001,female
SH0002081,mass,Ho Chi Minh City,under_10m,B,1976,male
SH0002082,mass,Da Nang,10m_to_25m,C,1979,female
SH0002083,mass,Thanh Hoa,10m_to_25m,A,1980,female
SH0002084,emerging_affluent,Ho Chi Minh City,under_10m,C,1992,male
SH0002085,emerging_affluent,Long An,10m_to_25m,C,1976,female
SH0002086,emerging_affluent,Can Tho,under_10m,B,1998,male
SH0002087,mass,Ho Chi Minh City,under_10m,D,1967,female
SH0002088,mass,Thanh Hoa,10m_to_25m,B,2003,female
SH0002089,emerging_affluent,Ha Noi,over_25m,B,1986,male
SH0002090,mass,Ha Noi,under_10m,B,1981,female
SH0002091,emerging_affluent,Ha Noi,10m_to_25m,C,1965,female
SH0002092,mass,Khanh Hoa,10m_to_25m,D,1974,male
SH0002093,emerging_affluent,Hai Phong,under_10m,B,1965,male
SH0002094,mass,Bac Ninh,under_10m,C,1985,female
SH0002095,mass,Hai Phong,under_10m,A,1974,female
SH0002096,emerging_affluent,Ha Noi,10m_to_25m,A,1974,female
SH0002097,mass,Khanh Hoa,under_10m,A,1989,female
SH0002098,mass,Ha Noi,10m_to_25m,B,1991,female
SH0002099,mass,Bac Ninh,under_10m,D,1999,female
SH0002100,mass,Can Tho,under_10m,B,1975,female
SH0002101,mass,Ho Chi Minh City,under_10m,D,2000,female
SH0002102,emerging_affluent,Ho Chi Minh City,10m_to_25m,C,1977,female
SH0002103,mass,Binh Duong,under_10m,C,1983,female
SH0002104,mass,Hai Phong,10m_to_25m,D,1973,female
SH0002105,emerging_affluent,Ho Chi Minh City,under_10m,B,2001,female
SH0002106,mass,Dong Nai,10m_to_25m,D,2005,male
SH0002107,emerging_affluent,Bac Ninh,10m_to_25m,B,2000,female
SH0002108,mass,Ho Chi Minh City,under_10m,D,1996,female
SH0002109,mass,Bac Ninh,10m_to_25m,D,1976,female
SH0002110,mass,Da Nang,under_10m,E,1991,male
SH0002111,mass,Ho Chi Minh City,under_10m,A,1991,female
SH0002112,mass,Da Nang,10m_to_25m,D,1984,male
SH0002113,mass,Ho Chi Minh City,under_10m,D,1971,female
SH0002114,mass,Can Tho,10m_to_25m,B,1982,male
SH0002115,mass,Binh Duong,10m_to_25m,C,1978,male
SH0002116,mass,Ho Chi Minh City,10m_to_25m,D,1980,female
SH0002117,emerging_affluent,Dong Nai,under_10m,C,2004,male
SH0002118,mass,Long An,10m_to_25m,B,1978,male
SH0002119,mass,Khanh Hoa,10m_to_25m,C,1982,female
SH0002120,mass,Dong Nai,10m_to_25m,B,1981,female
SH0002121,mass,Da Nang,under_10m,D,1982,female
SH0002122,emerging_affluent,Long An,10m_to_25m,C,1984,male
SH0002123,emerging_affluent,Binh Duong,under_10m,B,1984,male
SH0002124,mass,Dong Nai,under_10m,C,2003,male
SH0002125,emerging_affluent,Nghe An,10m_to_25m,B,2004,male
SH0002126,mass,Dong Nai,under_10m,D,1972,male
SH0002127,emerging_affluent,Ho Chi Minh City,10m_to_25m,C,1977,male
SH0002128,mass,Nghe An,10m_to_25m,B,2004,female
SH0002129,mass,Ha Noi,under_10m,C,1982,female
SH0002130,mass,Long An,under_10m,C,1994,female
SH0002131,mass,Nghe An,10m_to_25m,E,1977,male
SH0002132,mass,Da Nang,under_10m,A,1995,male
SH0002133,mass,Bac Ninh,under_10m,D,1993,female
SH0002134,mass,Can Tho,10m_to_25m,D,1965,female
SH0002135,mass,Nghe An,10m_to_25m,C,1979,female
SH0002136,mass,Ha Noi,over_25m,B,1971,male
SH0002137,emerging_affluent,Ha Noi,under_10m,C,1996,female
SH0002138,mass,Khanh Hoa,over_25m,B,1976,male
SH0002139,mass,Thanh Hoa,under_10m,B,1982,male
SH0002140,mass,Ha Noi,10m_to_25m,A,1990,male
SH0002141,mass,Ho Chi Minh City,10m_to_25m,B,1985,female
SH0002142,mass,Ho Chi Minh City,under_10m,E,1996,male
SH0002143,mass,Bac Ninh,10m_to_25m,A,1988,male
SH0002144,emerging_affluent,Ha Noi,under_10m,D,2005,female
SH0002145,mass,Nghe An,10m_to_25m,C,1972,male
SH0002146,mass,Ho Chi Minh City,10m_to_25m,C,1998,female
SH0002147,mass,Khanh Hoa,10m_to_25m,C,1992,female
SH0002148,emerging_affluent,Binh Duong,10m_to_25m,E,1969,female
SH0002149,mass,Bac Ninh,under_10m,A,1994,female
SH0002150,mass,Hai Phong,10m_to_25m,C,1967,female
SH0002151,mass,Ha Noi,under_10m,A,1984,male
SH0002152,mass,Ho Chi Minh City,under_10m,B,1989,female
SH0002153,mass,Nghe An,under_10m,D,2002,male
SH0002154,mass,Nghe An,10m_to_25m,C,1998,female
SH0002155,mass,Dong Nai,under_10m,B,1972,male
SH0002156,mass,Can Tho,under_10m,B,1981,female
SH0002157,emerging_affluent,Thanh Hoa,over_25m,D,1986,female
SH0002158,mass,Ha Noi,under_10m,D,1999,male
SH0002159,mass,Ha Noi,10m_to_25m,A,1966,female
SH0002160,emerging_affluent,Ha Noi,under_10m,A,1994,female
SH0002161,mass,Nghe An,over_25m,B,1999,female
SH0002162,mass,Can Tho,10m_to_25m,A,1975,male
SH0002163,emerging_affluent,Ho Chi Minh City,under_10m,B,1989,male
SH0002164,mass,Ho Chi Minh City,over_25m,B,1993,male
SH0002165,mass,Dong Nai,10m_to_25m,C,1976,female
SH0002166,mass,Nghe An,over_25m,D,1979,female
SH0002167,emerging_affluent,Ho Chi Minh City,10m_to_25m,C,2005,female
SH0002168,emerging_affluent,Bac Ninh,10m_to_25m,D,2004,female
SH0002169,mass,Ha Noi,10m_to_25m,D,1979,male
SH0002170,mass,Nghe An,under_10m,C,1999,female
SH0002171,emerging_affluent,Binh Duong,under_10m,D,2001,male
SH0002172,mass,Khanh Hoa,under_10m,B,1980,female
SH0002173,mass,Ha Noi,under_10m,D,1982,female
SH0002174,emerging_affluent,Ho Chi Minh City,10m_to_25m,C,1988,female
SH0002175,mass,Ho Chi Minh City,10m_to_25m,B,1996,male
SH0002176,mass,Ha Noi,under_10m,D,2001,male
SH0002177,emerging_affluent,Binh Duong,under_10m,E,1978,male
SH0002178,mass,Ho Chi Minh City,under_10m,C,1997,male
SH0002179,mass,Long An,10m_to_25m,B,1986,male
SH0002180,mass,Ho Chi Minh City,under_10m,E,2002,female
SH0002181,emerging_affluent,Long An,under_10m,B,1975,male
SH0002182,mass,Ha Noi,10m_to_25m,C,2002,female
SH0002183,emerging_affluent,Ha Noi,under_10m,B,1968,female
SH0002184,emerging_affluent,Dong Nai,10m_to_25m,E,1975,male
SH0002185,mass,Khanh Hoa,under_10m,E,1967,male
SH0002186,mass,Bac Ninh,under_10m,C,1989,male
SH0002187,mass,Ha Noi,over_25m,C,1991,female
SH0002188,mass,Can Tho,10m_to_25m,D,1970,male
SH0002189,mass,Ha Noi,10m_to_25m,D,2000,female
SH0002190,emerging_affluent,Ha Noi,over_25m,A,1990,male
SH0002191,mass,Hai Phong,10m_to_25m,D,1989,male
SH0002192,mass,Ha Noi,under_10m,E,1996,female
SH0002193,mass,Ha Noi,10m_to_25m,B,2002,male
SH0002194,emerging_affluent,Thanh Hoa,under_10m,C,1988,male
SH0002195,mass,Da Nang,10m_to_25m,B,1968,female
SH0002196,mass,Ho Chi Minh City,over_25m,C,1976,female
SH0002197,emerging_affluent,Ha Noi,over_25m,B,1981,male
SH0002198,emerging_affluent,Long An,10m_to_25m,B,1969,male
SH0002199,mass,Binh Duong,under_10m,C,1985,male
SH0002200,mass,Hai Phong,under_10m,D,1983,female
SH0002201,mass,Ha Noi,10m_to_25m,C,1982,female
SH0002202,mass,Long An,under_10m,A,1997,male
SH0002203,mass,Long An,10m_to_25m,B,1995,male
SH0002204,mass,Can Tho,under_10m,C,1987,female
SH0002205,emerging_affluent,Ha Noi,10m_to_25m,B,2003,male
SH0002206,emerging_affluent,Ha Noi,10m_to_25m,B,1984,male
SH0002207,mass,Dong Nai,10m_to_25m,D,2000,male
SH0002208,mass,Nghe An,10m_to_25m,D,1967,male
SH0002209,mass,Khanh Hoa,10m_to_25m,B,1967,male
SH0002210,emerging_affluent,Ha Noi,10m_to_25m,C,1991,female
SH0002211,mass,Ho Chi Minh City,under_10m,E,1999,male
SH0002212,mass,Da Nang,10m_to_25m,A,1985,male
SH0002213,mass,Nghe An,10m_to_25m,C,2005,female
SH0002214,mass,Ha Noi,over_25m,B,1981,male
SH0002215,mass,Thanh Hoa,under_10m,D,1978,female
SH0002216,mass,Bac Ninh,under_10m,A,1985,male
SH0002217,mass,Ho Chi Minh City,under_10m,A,1969,female
SH0002218,mass,Ho Chi Minh City,under_10m,B,1988,female
SH0002219,emerging_affluent,Khanh Hoa,10m_to_25m,D,1999,male
SH0002220,mass,Khanh Hoa,under_10m,B,1980,male
SH0002221,mass,Hai Phong,over_25m,C,1967,male
SH0002222,mass,Da Nang,over_25m,C,1980,female
SH0002223,emerging_affluent,Binh Duong,under_10m,B,1994,male
SH0002224,emerging_affluent,Da Nang,10m_to_25m,C,1993,female
SH0002225,emerging_affluent,Ha Noi,over_25m,C,1968,female
SH0002226,emerging_affluent,Dong Nai,10m_to_25m,B,1968,female
SH0002227,mass,Dong Nai,10m_to_25m,C,2000,male
SH0002228,mass,Khanh Hoa,under_10m,D,2003,male
SH0002229,mass,Ho Chi Minh City,under_10m,B,2002,female
SH0002230,mass,Thanh Hoa,10m_to_25m,B,1980,female
SH0002231,mass,Ho Chi Minh City,under_10m,B,1985,female
SH0002232,mass,Ha Noi,under_10m,D,1981,male
SH0002233,mass,Long An,10m_to_25m,A,1992,female
SH0002234,mass,Bac Ninh,10m_to_25m,B,1976,female
SH0002235,mass,Binh Duong,10m_to_25m,D,2003,female
SH0002236,mass,Dong Nai,10m_to_25m,E,2003,male
SH0002237,mass,Ho Chi Minh City,10m_to_25m,D,1970,female
SH0002238,mass,Hai Phong,under_10m,D,2003,female
SH0002239,mass,Ho Chi Minh City,under_10m,C,2002,female
SH0002240,emerging_affluent,Ha Noi,10m_to_25m,C,1990,female
SH0002241,mass,Can Tho,under_10m,C,1981,female
SH0002242,mass,Binh Duong,under_10m,C,1991,male
SH0002243,mass,Can Tho,under_10m,C,1993,male
SH0002244,emerging_affluent,Da Nang,10m_to_25m,C,2000,female
SH0002245,emerging_affluent,Ha Noi,under_10m,B,2001,male
SH0002246,mass,Binh Duong,over_25m,C,1972,male
SH0002247,mass,Can Tho,over_25m,B,1973,female
SH0002248,mass,Bac Ninh,10m_to_25m,B,1997,female
SH0002249,emerging_affluent,Dong Nai,under_10m,C,2001,female
SH0002250,mass,Dong Nai,under_10m,A,1991,male
SH0002251,emerging_affluent,Ho Chi Minh City,10m_to_25m,B,1968,male
SH0002252,emerging_affluent,Thanh Hoa,under_10m,C,1985,male
SH0002253,emerging_affluent,Ho Chi Minh City,10m_to_25m,C,1989,male
SH0002254,mass,Khanh Hoa,under_10m,C,1965,male
SH0002255,mass,Ha Noi,10m_to_25m,D,1968,male
SH0002256,emerging_affluent,Long An,10m_to_25m,C,2004,male
SH0002257,mass,Long An,10m_to_25m,D,1989,female
SH0002258,emerging_affluent,Bac Ninh,over_25m,A,2001,female
SH0002259,mass,Ha Noi,10m_to_25m,A,1977,female
SH0002260,mass,Ho Chi Minh City,over_25m,E,1989,male
SH0002261,mass,Ho Chi Minh City,over_25m,D,1999,male
SH0002262,mass,Ha Noi,10m_to_25m,C,1997,female
SH0002263,mass,Hai Phong,10m_to_25m,B,1982,male
SH0002264,emerging_affluent,Long An,under_10m,B,1983,female
SH0002265,mass,Hai Phong,over_25m,B,1993,female
SH0002266,mass,Hai Phong,10m_to_25m,C,2000,male
SH0002267,emerging_affluent,Ha Noi,under_10m,B,1999,male
SH0002268,emerging_affluent,Ho Chi Minh City,under_10m,B,1997,male
SH0002269,mass,Can Tho,10m_to_25m,E,1993,male
SH0002270,mass,Hai Phong,under_10m,D,1994,female
SH0002271,mass,Nghe An,over_25m,B,1972,male
SH0002272,mass,Ho Chi Minh City,10m_to_25m,C,1969,female
SH0002273,mass,Can Tho,under_10m,D,1981,male
SH0002274,emerging_affluent,Ho Chi Minh City,10m_to_25m,A,1990,female
SH0002275,mass,Can Tho,under_10m,B,2000,male
SH0002276,mass,Dong Nai,10m_to_25m,C,1971,male
SH0002277,mass,Ho Chi Minh City,10m_to_25m,E,1973,female
SH0002278,mass,Dong Nai,10m_to_25m,A,1995,female
SH0002279,mass,Ha Noi,under_10m,C,1972,female
SH0002280,mass,Can Tho,10m_to_25m,D,1976,female
SH0002281,mass,Ho Chi Minh City,10m_to_25m,C,1987,male
SH0002282,mass,Thanh Hoa,under_10m,C,1980,female
SH0002283,mass,Ha Noi,over_25m,C,1990,female
SH0002284,mass,Ho Chi Minh City,under_10m,B,1985,male
SH0002285,mass,Binh Duong,under_10m,C,2003,female
SH0002286,mass,Can Tho,10m_to_25m,D,2003,female
SH0002287,mass,Ha Noi,under_10m,E,1989,male
SH0002288,mass,Dong Nai,under_10m,C,1977,female
SH0002289,mass,Da Nang,10m_to_25m,C,1978,female
SH0002290,emerging_affluent,Thanh Hoa,10m_to_25m,C,2000,female
SH0002291,mass,Thanh Hoa,10m_to_25m,C,2004,male
SH0002292,emerging_affluent,Thanh Hoa,under_10m,B,2003,female
SH0002293,mass,Hai Phong,10m_to_25m,C,2002,female
SH0002294,mass,Ho Chi Minh City,under_10m,D,1969,female
SH0002295,emerging_affluent,Can Tho,10m_to_25m,D,1976,male
SH0002296,emerging_affluent,Thanh Hoa,10m_to_25m,C,1996,male
SH0002297,mass,Ho Chi Minh City,10m_to_25m,E,1995,female
SH0002298,mass,Ho Chi Minh City,under_10m,D,1994,female
SH0002299,mass,Long An,under_10m,B,1988,male
SH0002300,mass,Hai Phong,under_10m,B,2005,male
SH0002301,mass,Ha Noi,10m_to_25m,B,1996,male
SH0002302,emerging_affluent,Ho Chi Minh City,over_25m,B,1973,female
SH0002303,mass,Ha Noi,under_10m,C,1987,male
SH0002304,mass,Da Nang,over_25m,B,1986,female
SH0002305,mass,Ho Chi Minh City,under_10m,A,1989,male
SH0002306,mass,Ha Noi,over_25m,B,2005,male
SH0002307,mass,Ho Chi Minh City,10m_to_25m,B,1969,male
SH0002308,mass,Binh Duong,10m_to_25m,E,1973,male
SH0002309,mass,Da Nang,10m_to_25m,D,1998,female
SH0002310,mass,Khanh Hoa,10m_to_25m,C,1982,male
SH0002311,mass,Da Nang,under_10m,B,1974,male
SH0002312,mass,Ha Noi,10m_to_25m,B,1998,male
SH0002313,mass,Nghe An,under_10m,B,1995,male
SH0002314,emerging_affluent,Ho Chi Minh City,under_10m,B,1981,female
SH0002315,mass,Can Tho,over_25m,A,1982,male
SH0002316,emerging_affluent,Dong Nai,over_25m,B,1970,female
SH0002317,emerging_affluent,Ha Noi,under_10m,B,1994,female
SH0002318,mass,Khanh Hoa,over_25m,B,1996,male
SH0002319,mass,Ho Chi Minh City,10m_to_25m,B,2002,male
SH0002320,mass,Bac Ninh,under_10m,C,1990,male
SH0002321,mass,Khanh Hoa,10m_to_25m,C,1988,female
SH0002322,mass,Ho Chi Minh City,10m_to_25m,B,1987,female
SH0002323,mass,Ho Chi Minh City,10m_to_25m,A,1993,female
SH0002324,mass,Ho Chi Minh City,10m_to_25m,B,1981,female
SH0002325,mass,Khanh Hoa,under_10m,D,1985,female
SH0002326,mass,Thanh Hoa,10m_to_25m,B,1972,male
SH0002327,mass,Ha Noi,over_25m,A,1972,male
SH0002328,emerging_affluent,Khanh Hoa,10m_to_25m,B,1989,male
SH0002329,emerging_affluent,Da Nang,over_25m,E,1973,female
SH0002330,mass,Dong Nai,under_10m,B,2000,male
SH0002331,emerging_affluent,Ha Noi,under_10m,C,2004,male
SH0002332,mass,Ho Chi Minh City,10m_to_25m,C,2005,female
SH0002333,emerging_affluent,Bac Ninh,under_10m,C,1971,female
SH0002334,mass,Ha Noi,under_10m,B,1983,female
SH0002335,emerging_affluent,Ha Noi,10m_to_25m,C,1985,female
SH0002336,mass,Ha Noi,10m_to_25m,C,1982,female
SH0002337,mass,Ha Noi,over_25m,B,1990,male
SH0002338,mass,Dong Nai,under_10m,A,1999,female
SH0002339,emerging_affluent,Dong Nai,under_10m,B,1988,male
SH0002340,mass,Long An,10m_to_25m,B,1984,male
SH0002341,mass,Binh Duong,10m_to_25m,C,1969,male
SH0002342,mass,Can Tho,10m_to_25m,B,1984,male
SH0002343,emerging_affluent,Can Tho,over_25m,D,1978,male
SH0002344,emerging_affluent,Ho Chi Minh City,10m_to_25m,D,1984,female
SH0002345,mass,Ho Chi Minh City,10m_to_25m,B,1969,male
SH0002346,mass,Khanh Hoa,under_10m,D,1985,female
SH0002347,emerging_affluent,Thanh Hoa,10m_to_25m,D,1971,male
SH0002348,mass,Ho Chi Minh City,under_10m,B,2001,female
SH0002349,mass,Ho Chi Minh City,10m_to_25m,B,2003,female
SH0002350,emerging_affluent,Long An,under_10m,B,1994,female
SH0002351,mass,Ha Noi,under_10m,C,1991,female
SH0002352,mass,Khanh Hoa,10m_to_25m,E,1968,male
SH0002353,emerging_affluent,Ho Chi Minh City,under_10m,C,1978,male
SH0002354,emerging_affluent,Hai Phong,10m_to_25m,C,1983,male
SH0002355,emerging_affluent,Dong Nai,under_10m,B,1975,female
SH0002356,emerging_affluent,Dong Nai,under_10m,B,1980,male
SH0002357,mass,Thanh Hoa,10m_to_25m,D,1999,male
SH0002358,emerging_affluent,Thanh Hoa,10m_to_25m,B,1979,male
SH0002359,mass,Ha Noi,10m_to_25m,D,1967,female
SH0002360,mass,Ho Chi Minh City,10m_to_25m,B,1969,female
SH0002361,emerging_affluent,Ho Chi Minh City,10m_to_25m,C,1968,male
SH0002362,mass,Long An,10m_to_25m,B,1995,male
SH0002363,mass,Hai Phong,10m_to_25m,C,1980,female
SH0002364,emerging_affluent,Ha Noi,10m_to_25m,C,1966,female
SH0002365,mass,Can Tho,10m_to_25m,C,1984,male
SH0002366,mass,Hai Phong,10m_to_25m,C,2001,female
SH0002367,mass,Ha Noi,10m_to_25m,C,1974,female
SH0002368,emerging_affluent,Ho Chi Minh City,under_10m,C,1989,male
SH0002369,mass,Ha Noi,10m_to_25m,B,1967,female
SH0002370,mass,Ho Chi Minh City,under_10m,B,1991,male
SH0002371,mass,Nghe An,under_10m,E,2003,male
SH0002372,mass,Bac Ninh,10m_to_25m,E,1972,female
SH0002373,emerging_affluent,Da Nang,under_10m,B,1990,male
SH0002374,mass,Ha Noi,under_10m,B,1997,male
SH0002375,mass,Nghe An,under_10m,E,1981,male
SH0002376,mass,Khanh Hoa,under_10m,D,1995,female
SH0002377,mass,Ho Chi Minh City,under_10m,C,1990,female
SH0002378,emerging_affluent,Ho Chi Minh City,10m_to_25m,D,2003,female
SH0002379,mass,Bac Ninh,under_10m,C,1982,male
SH0002380,mass,Hai Phong,under_10m,D,1976,female
SH0002381,mass,Ho Chi Minh City,10m_to_25m,C,1993,male
SH0002382,mass,Ha Noi,10m_to_25m,C,2005,male
SH0002383,mass,Ha Noi,under_10m,D,1981,male
SH0002384,emerging_affluent,Ha Noi,under_10m,C,1979,male
SH0002385,mass,Ha Noi,10m_to_25m,C,1967,male
SH0002386,mass,Bac Ninh,under_10m,C,1972,male
SH0002387,mass,Nghe An,10m_to_25m,C,2003,male
SH0002388,mass,Ha Noi,10m_to_25m,B,2004,female
SH0002389,mass,Ha Noi,under_10m,B,2003,female
SH0002390,mass,Nghe An,under_10m,D,1999,male
SH0002391,mass,Ho Chi Minh City,10m_to_25m,B,2004,male
SH0002392,mass,Thanh Hoa,10m_to_25m,D,1981,female
SH0002393,emerging_affluent,Hai Phong,under_10m,A,1983,female
SH0002394,mass,Dong Nai,under_10m,C,1995,male
SH0002395,mass,Ho Chi Minh City,over_25m,B,1984,male
SH0002396,mass,Nghe An,under_10m,C,2003,male
SH0002397,mass,Ha Noi,over_25m,B,2004,female
SH0002398,mass,Binh Duong,under_10m,A,1990,male
SH0002399,emerging_affluent,Thanh Hoa,under_10m,C,1976,female
SH0002400,emerging_affluent,Can Tho,10m_to_25m,A,1977,male
SH0002401,mass,Binh Duong,under_10m,C,1965,male
SH0002402,emerging_affluent,Hai Phong,10m_to_25m,D,1967,female
SH0002403,mass,Ha Noi,10m_to_25m,B,1985,female
SH0002404,mass,Bac Ninh,10m_to_25m,C,2001,female
SH0002405,mass,Dong Nai,under_10m,C,1973,female
SH0002406,emerging_affluent,Ha Noi,10m_to_25m,C,1995,female
SH0002407,mass,Can Tho,under_10m,C,1995,male
SH0002408,mass,Ho Chi Minh City,under_10m,E,1968,male
SH0002409,emerging_affluent,Ha Noi,under_10m,D,2002,female
SH0002410,mass,Binh Duong,under_10m,B,2003,female
SH0002411,mass,Ho Chi Minh City,under_10m,D,1984,male
SH0002412,mass,Ho Chi Minh City,under_10m,B,1969,female
SH0002413,mass,Thanh Hoa,10m_to_25m,B,1982,female
SH0002414,mass,Long An,10m_to_25m,E,1989,female
SH0002415,mass,Da Nang,under_10m,A,1977,male
SH0002416,emerging_affluent,Ha Noi,10m_to_25m,D,1973,female
SH0002417,emerging_affluent,Nghe An,10m_to_25m,C,2005,male
SH0002418,mass,Ho Chi Minh City,under_10m,B,1998,female
SH0002419,emerging_affluent,Nghe An,over_25m,D,1991,male
SH0002420,emerging_affluent,Ha Noi,under_10m,B,1988,male
SH0002421,mass,Hai Phong,10m_to_25m,B,1992,male
SH0002422,mass,Ho Chi Minh City,10m_to_25m,A,1968,male
SH0002423,emerging_affluent,Ho Chi Minh City,10m_to_25m,C,1996,male
SH0002424,mass,Ha Noi,10m_to_25m,B,2001,male
SH0002425,mass,Dong Nai,under_10m,B,1978,female
SH0002426,mass,Nghe An,under_10m,A,1970,male
SH0002427,emerging_affluent,Ha Noi,10m_to_25m,D,1971,male
SH0002428,emerging_affluent,Long An,over_25m,D,1997,female
SH0002429,mass,Binh Duong,under_10m,C,1987,male
SH0002430,mass,Ho Chi Minh City,under_10m,E,1986,male
SH0002431,mass,Ha Noi,10m_to_25m,C,1981,female
SH0002432,mass,Da Nang,10m_to_25m,E,1991,female
SH0002433,emerging_affluent,Ha Noi,over_25m,B,1995,male
SH0002434,mass,Ho Chi Minh City,10m_to_25m,C,1989,male
SH0002435,emerging_affluent,Bac Ninh,10m_to_25m,D,1985,female
SH0002436,mass,Ha Noi,over_25m,B,1984,male
SH0002437,mass,Bac Ninh,10m_to_25m,C,1973,male
SH0002438,mass,Ha Noi,under_10m,C,1984,male
SH0002439,mass,Ha Noi,10m_to_25m,B,1997,female
SH0002440,emerging_affluent,Ho Chi Minh City,under_10m,B,1976,female
SH0002441,emerging_affluent,Thanh Hoa,10m_to_25m,C,1997,male
SH0002442,mass,Can Tho,under_10m,E,1984,female
SH0002443,mass,Bac Ninh,10m_to_25m,C,1979,female
SH0002444,mass,Ho Chi Minh City,under_10m,D,1973,male
SH0002445,mass,Da Nang,under_10m,E,1999,female
SH0002446,mass,Binh Duong,under_10m,C,1971,male
SH0002447,mass,Can Tho,under_10m,D,1973,female
SH0002448,mass,Khanh Hoa,10m_to_25m,C,1993,male
SH0002449,mass,Binh Duong,10m_to_25m,B,1968,female
SH0002450,emerging_affluent,Dong Nai,under_10m,B,1975,male
SH0002451,mass,Da Nang,10m_to_25m,E,1983,male
SH0002452,mass,Ho Chi Minh City,under_10m,C,1989,female
SH0002453,mass,Ha Noi,over_25m,B,1971,male
SH0002454,mass,Thanh Hoa,10m_to_25m,C,1977,male
SH0002455,mass,Hai Phong,10m_to_25m,B,1968,female
SH0002456,mass,Ha Noi,10m_to_25m,B,1981,female
SH0002457,mass,Ho Chi Minh City,under_10m,D,1998,male
SH0002458,emerging_affluent,Ha Noi,under_10m,B,1966,male
SH0002459,emerging_affluent,Khanh Hoa,10m_to_25m,B,1990,female
SH0002460,emerging_affluent,Ho Chi Minh City,under_10m,C,2000,female
SH0002461,mass,Hai Phong,over_25m,C,1968,male
SH0002462,emerging_affluent,Hai Phong,under_10m,D,1968,male
SH0002463,mass,Hai Phong,under_10m,D,1971,male
SH0002464,mass,Ha Noi,under_10m,B,1977,female
SH0002465,emerging_affluent,Ho Chi Minh City,under_10m,C,2004,male
SH0002466,mass,Bac Ninh,under_10m,A,1976,female
SH0002467,emerging_affluent,Ho Chi Minh City,under_10m,B,1992,male
SH0002468,mass,Can Tho,under_10m,E,1972,female
SH0002469,mass,Nghe An,over_25m,D,1998,male
SH0002470,mass,Ho Chi Minh City,10m_to_25m,C,1993,female
SH0002471,emerging_affluent,Hai Phong,10m_to_25m,C,1984,female
SH0002472,mass,Da Nang,under_10m,D,1998,male
SH0002473,mass,Ho Chi Minh City,10m_to_25m,C,1998,male
SH0002474,mass,Da Nang,under_10m,C,1989,male
SH0002475,mass,Bac Ninh,over_25m,C,1981,male
SH0002476,emerging_affluent,Long An,under_10m,A,1981,female
SH0002477,mass,Ha Noi,10m_to_25m,D,1994,male
SH0002478,mass,Ha Noi,10m_to_25m,B,1968,female
SH0002479,emerging_affluent,Bac Ninh,over_25m,A,1971,male
SH0002480,mass,Ha Noi,under_10m,D,1985,male
SH0002481,mass,Ho Chi Minh City,under_10m,B,1995,male
SH0002482,emerging_affluent,Thanh Hoa,under_10m,C,1987,female
SH0002483,mass,Ho Chi Minh City,under_10m,B,1971,female
SH0002484,mass,Bac Ninh,under_10m,C,1967,female
SH0002485,emerging_affluent,Binh Duong,under_10m,C,1981,female
SH0002486,mass,Bac Ninh,over_25m,E,1988,male
SH0002487,emerging_affluent,Ho Chi Minh City,10m_to_25m,B,1987,male
SH0002488,mass,Ha Noi,under_10m,A,1979,female
SH0002489,mass,Ha Noi,under_10m,C,1971,male
SH0002490,mass,Ho Chi Minh City,under_10m,B,2005,male
SH0002491,mass,Ho Chi Minh City,under_10m,A,1971,male
SH0002492,mass,Ha Noi,10m_to_25m,B,1965,female
SH0002493,emerging_affluent,Ha Noi,under_10m,B,1984,female
SH0002494,mass,Long An,10m_to_25m,B,1969,female
SH0002495,mass,Ho Chi Minh City,10m_to_25m,B,1990,male
SH0002496,emerging_affluent,Long An,over_25m,C,1997,female
SH0002497,mass,Ho Chi Minh City,under_10m,C,2002,female
SH0002498,emerging_affluent,Thanh Hoa,10m_to_25m,C,1979,female
SH0002499,mass,Bac Ninh,10m_to_25m,D,1987,female
SH0002500,emerging_affluent,Khanh Hoa,under_10m,B,1993,female
SH0002501,emerging_affluent,Khanh Hoa,under_10m,B,1986,male
SH0002502,mass,Nghe An,under_10m,C,1990,male
SH0002503,mass,Bac Ninh,10m_to_25m,C,1976,male
SH0002504,mass,Ha Noi,under_10m,E,2002,male
SH0002505,emerging_affluent,Nghe An,under_10m,C,1986,female
SH0002506,mass,Ha Noi,under_10m,E,1986,female
SH0002507,mass,Ho Chi Minh City,10m_to_25m,B,1999,male
SH0002508,mass,Binh Duong,over_25m,B,1976,female
SH0002509,mass,Ha Noi,under_10m,B,1991,male
SH0002510,emerging_affluent,Ha Noi,under_10m,C,1993,female
SH0002511,mass,Ho Chi Minh City,10m_to_25m,E,1966,male
SH0002512,mass,Da Nang,10m_to_25m,C,1997,female
SH0002513,mass,Hai Phong,10m_to_25m,E,1999,male
SH0002514,emerging_affluent,Ha Noi,under_10m,C,1970,male
SH0002515,mass,Can Tho,under_10m,A,1981,female
SH0002516,emerging_affluent,Hai Phong,10m_to_25m,D,1994,male
SH0002517,mass,Binh Duong,10m_to_25m,D,1985,male
SH0002518,mass,Long An,10m_to_25m,B,1979,female
SH0002519,mass,Ha Noi,under_10m,C,1985,female
SH0002520,emerging_affluent,Binh Duong,under_10m,C,1973,female
SH0002521,mass,Binh Duong,under_10m,B,1999,female
SH0002522,emerging_affluent,Binh Duong,under_10m,D,1973,male
SH0002523,emerging_affluent,Hai Phong,10m_to_25m,B,2001,female
SH0002524,emerging_affluent,Ho Chi Minh City,under_10m,C,1999,male
SH0002525,mass,Long An,10m_to_25m,E,1979,female
SH0002526,mass,Nghe An,over_25m,D,1982,female
SH0002527,emerging_affluent,Dong Nai,under_10m,B,1971,female
SH0002528,mass,Can Tho,10m_to_25m,C,1987,female
SH0002529,mass,Ho Chi Minh City,under_10m,C,2003,female
SH0002530,mass,Can Tho,over_25m,B,2003,female
SH0002531,mass,Thanh Hoa,under_10m,E,1967,female
SH0002532,mass,Thanh Hoa,over_25m,C,1965,female
SH0002533,mass,Khanh Hoa,10m_to_25m,D,1978,female
SH0002534,mass,Khanh Hoa,10m_to_25m,C,1984,female
SH0002535,emerging_affluent,Ha Noi,10m_to_25m,B,1993,female
SH0002536,mass,Ha Noi,10m_to_25m,D,1994,male
SH0002537,emerging_affluent,Nghe An,10m_to_25m,D,1983,female
SH0002538,mass,Nghe An,under_10m,C,1979,female
SH0002539,mass,Ho Chi Minh City,over_25m,C,2003,female
SH0002540,mass,Nghe An,10m_to_25m,B,1974,female
SH0002541,mass,Binh Duong,under_10m,B,1977,female
SH0002542,emerging_affluent,Ha Noi,over_25m,D,2004,female
SH0002543,mass,Ho Chi Minh City,over_25m,C,1998,male
SH0002544,emerging_affluent,Da Nang,under_10m,D,1978,male
SH0002545,mass,Nghe An,under_10m,B,1979,female
SH0002546,mass,Ho Chi Minh City,10m_to_25m,D,1977,female
SH0002547,emerging_affluent,Ho Chi Minh City,over_25m,E,1966,female
SH0002548,emerging_affluent,Bac Ninh,under_10m,D,1995,female
SH0002549,mass,Khanh Hoa,under_10m,C,1982,male
SH0002550,mass,Nghe An,10m_to_25m,C,1978,female
SH0002551,emerging_affluent,Ho Chi Minh City,10m_to_25m,D,1986,male
SH0002552,mass,Can Tho,10m_to_25m,C,1990,female
SH0002553,emerging_affluent,Thanh Hoa,under_10m,C,1977,female
SH0002554,emerging_affluent,Nghe An,10m_to_25m,B,1965,female
SH0002555,mass,Thanh Hoa,under_10m,D,1982,male
SH0002556,mass,Bac Ninh,under_10m,C,1979,male
SH0002557,mass,Ha Noi,under_10m,D,1969,female
SH0002558,mass,Can Tho,over_25m,D,1974,female
SH0002559,mass,Hai Phong,10m_to_25m,C,1994,female
SH0002560,mass,Hai Phong,under_10m,C,1980,female
SH0002561,mass,Dong Nai,under_10m,D,1969,male
SH0002562,mass,Ho Chi Minh City,10m_to_25m,B,1977,male
SH0002563,mass,Can Tho,under_10m,C,2003,male
SH0002564,emerging_affluent,Ha Noi,10m_to_25m,A,1984,male
SH0002565,emerging_affluent,Khanh Hoa,under_10m,D,2005,female
SH0002566,mass,Dong Nai,over_25m,C,1985,male
SH0002567,mass,Ho Chi Minh City,over_25m,A,1981,female
SH0002568,mass,Ha Noi,under_10m,C,1979,female
SH0002569,mass,Hai Phong,10m_to_25m,D,2003,male
SH0002570,emerging_affluent,Dong Nai,10m_to_25m,C,1973,female
SH0002571,emerging_affluent,Hai Phong,under_10m,D,1989,male
SH0002572,mass,Ha Noi,10m_to_25m,C,2000,female
SH0002573,mass,Ho Chi Minh City,10m_to_25m,B,2002,male
SH0002574,mass,Hai Phong,under_10m,D,1989,female
SH0002575,emerging_affluent,Hai Phong,10m_to_25m,C,1995,female
SH0002576,mass,Nghe An,under_10m,C,1989,female
SH0002577,emerging_affluent,Thanh Hoa,under_10m,C,1996,female
SH0002578,mass,Ha Noi,10m_to_25m,D,2001,male
SH0002579,emerging_affluent,Ho Chi Minh City,10m_to_25m,B,1984,male
SH0002580,mass,Ha Noi,under_10m,D,2002,female
SH0002581,emerging_affluent,Ho Chi Minh City,over_25m,D,1997,male
SH0002582,mass,Ha Noi,over_25m,C,1988,female
SH0002583,emerging_affluent,Bac Ninh,over_25m,B,2000,female
SH0002584,mass,Thanh Hoa,under_10m,D,1989,female
SH0002585,mass,Ha Noi,under_10m,D,1975,male
SH0002586,mass,Long An,under_10m,B,1975,female
SH0002587,emerging_affluent,Da Nang,under_10m,B,1982,female
SH0002588,emerging_affluent,Ha Noi,under_10m,D,1989,male
SH0002589,emerging_affluent,Ho Chi Minh City,10m_to_25m,C,1983,female
SH0002590,mass,Ho Chi Minh City,10m_to_25m,B,1993,male
SH0002591,mass,Long An,under_10m,C,1988,male
SH0002592,mass,Ha Noi,under_10m,D,1997,female
SH0002593,mass,Ha Noi,10m_to_25m,C,1983,male
SH0002594,mass,Ha Noi,10m_to_25m,C,2005,female
SH0002595,mass,Can Tho,over_25m,D,1990,female
SH0002596,mass,Nghe An,10m_to_25m,C,1989,male
SH0002597,mass,Long An,under_10m,D,1982,male
SH0002598,mass,Long An,10m_to_25m,B,1983,male
SH0002599,mass,Ho Chi Minh City,10m_to_25m,D,2001,male
SH0002600,mass,Hai Phong,under_10m,A,1969,female
SH0002601,mass,Thanh Hoa,under_10m,E,1991,female
SH0002602,emerging_affluent,Ho Chi Minh City,under_10m,C,1992,male
SH0002603,mass,Ho Chi Minh City,over_25m,A,1998,male
SH0002604,mass,Long An,10m_to_25m,C,2003,female
SH0002605,mass,Can Tho,10m_to_25m,B,1978,male
SH0002606,mass,Binh Duong,under_10m,C,2000,male
SH0002607,mass,Ha Noi,under_10m,D,1967,female
SH0002608,mass,Can Tho,under_10m,C,1970,male
SH0002609,mass,Ha Noi,over_25m,E,1980,male
SH0002610,emerging_affluent,Ha Noi,10m_to_25m,A,1968,female
SH0002611,emerging_affluent,Khanh Hoa,under_10m,C,1970,female
SH0002612,emerging_affluent,Ho Chi Minh City,10m_to_25m,B,1985,female
SH0002613,emerging_affluent,Binh Duong,over_25m,C,2002,female
SH0002614,mass,Can Tho,under_10m,C,1998,male
SH0002615,mass,Binh Duong,10m_to_25m,C,2002,female
SH0002616,mass,Ha Noi,10m_to_25m,C,1981,male
SH0002617,mass,Ha Noi,under_10m,C,1967,female
SH0002618,mass,Nghe An,10m_to_25m,B,1996,male
SH0002619,mass,Dong Nai,over_25m,D,1970,male
SH0002620,mass,Bac Ninh,10m_to_25m,C,1974,female
SH0002621,mass,Ho Chi Minh City,10m_to_25m,A,1965,female
SH0002622,emerging_affluent,Khanh Hoa,under_10m,B,1972,female
SH0002623,emerging_affluent,Long An,under_10m,C,1981,female
SH0002624,mass,Ho Chi Minh City,10m_to_25m,B,1994,female
SH0002625,mass,Binh Duong,10m_to_25m,B,2000,female
SH0002626,mass,Ha Noi,under_10m,C,1969,male
SH0002627,mass,Ho Chi Minh City,10m_to_25m,C,1990,male
SH0002628,emerging_affluent,Long An,over_25m,A,1986,female
SH0002629,mass,Khanh Hoa,under_10m,C,1973,male
SH0002630,mass,Can Tho,10m_to_25m,B,1966,female
SH0002631,mass,Hai Phong,under_10m,E,1970,male
SH0002632,mass,Ho Chi Minh City,under_10m,C,1967,female
SH0002633,mass,Hai Phong,10m_to_25m,D,1999,female
SH0002634,mass,Long An,10m_to_25m,C,1981,male
SH0002635,mass,Nghe An,10m_to_25m,D,1977,male
SH0002636,mass,Nghe An,10m_to_25m,E,1972,male
SH0002637,mass,Da Nang,over_25m,C,2002,female
SH0002638,mass,Nghe An,10m_to_25m,A,1991,female
SH0002639,emerging_affluent,Can Tho,10m_to_25m,C,2004,female
SH0002640,mass,Khanh Hoa,under_10m,A,1978,female
SH0002641,mass,Ho Chi Minh City,10m_to_25m,E,1977,female
SH0002642,emerging_affluent,Long An,under_10m,B,1969,male
SH0002643,mass,Ha Noi,over_25m,C,1988,male
SH0002644,emerging_affluent,Can Tho,10m_to_25m,D,1975,female
SH0002645,mass,Thanh Hoa,10m_to_25m,C,2001,female
SH0002646,mass,Ho Chi Minh City,under_10m,A,1966,male
SH0002647,mass,Khanh Hoa,under_10m,D,1990,male
SH0002648,mass,Ho Chi Minh City,over_25m,E,1965,female
SH0002649,mass,Da Nang,under_10m,B,1986,female
SH0002650,mass,Bac Ninh,under_10m,B,1970,male
SH0002651,mass,Ho Chi Minh City,under_10m,B,1991,female
SH0002652,mass,Ha Noi,10m_to_25m,D,1984,male
SH0002653,mass,Binh Duong,10m_to_25m,E,1976,male
SH0002654,emerging_affluent,Bac Ninh,under_10m,C,1990,male
SH0002655,emerging_affluent,Ha Noi,10m_to_25m,D,1986,male
SH0002656,emerging_affluent,Khanh Hoa,10m_to_25m,B,1975,female
SH0002657,mass,Thanh Hoa,under_10m,B,2005,female
SH0002658,mass,Dong Nai,under_10m,D,1987,male
SH0002659,mass,Ho Chi Minh City,over_25m,D,1990,female
SH0002660,emerging_affluent,Ha Noi,10m_to_25m,D,1992,male
SH0002661,emerging_affluent,Ha Noi,10m_to_25m,B,1966,female
SH0002662,mass,Long An,under_10m,D,2000,female
SH0002663,emerging_affluent,Hai Phong,under_10m,E,1991,male
SH0002664,emerging_affluent,Dong Nai,10m_to_25m,C,1992,male
SH0002665,mass,Nghe An,under_10m,E,1990,female
SH0002666,mass,Ho Chi Minh City,10m_to_25m,C,1992,female
SH0002667,mass,Binh Duong,under_10m,D,1965,female
SH0002668,mass,Ho Chi Minh City,under_10m,C,1978,male
SH0002669,mass,Can Tho,10m_to_25m,B,1968,female
SH0002670,emerging_affluent,Long An,over_25m,D,1985,male
SH0002671,mass,Nghe An,10m_to_25m,D,1974,male
SH0002672,emerging_affluent,Ha Noi,under_10m,D,1977,female
SH0002673,mass,Ha Noi,10m_to_25m,E,1999,male
SH0002674,mass,Long An,under_10m,A,1997,male
SH0002675,mass,Ho Chi Minh City,under_10m,C,1986,male
SH0002676,mass,Ha Noi,under_10m,C,2004,female
SH0002677,emerging_affluent,Ha Noi,under_10m,D,1978,female
SH0002678,emerging_affluent,Ha Noi,10m_to_25m,B,1997,female
SH0002679,mass,Can Tho,under_10m,D,1995,male
SH0002680,emerging_affluent,Ha Noi,10m_to_25m,B,1988,female
SH0002681,emerging_affluent,Binh Duong,10m_to_25m,E,1985,female
SH0002682,mass,Ha Noi,over_25m,D,1989,male
SH0002683,emerging_affluent,Ha Noi,over_25m,D,1979,male
SH0002684,mass,Dong Nai,under_10m,C,2001,female
SH0002685,mass,Can Tho,10m_to_25m,A,1974,female
SH0002686,mass,Ho Chi Minh City,under_10m,D,1983,male
SH0002687,mass,Ha Noi,10m_to_25m,B,1999,male
SH0002688,mass,Ha Noi,10m_to_25m,C,1995,female
SH0002689,emerging_affluent,Ho Chi Minh City,over_25m,C,1982,male
SH0002690,emerging_affluent,Khanh Hoa,over_25m,D,1983,male
SH0002691,mass,Thanh Hoa,10m_to_25m,C,1984,male
SH0002692,mass,Da Nang,under_10m,C,1978,female
SH0002693,mass,Dong Nai,under_10m,E,1965,male
SH0002694,mass,Dong Nai,under_10m,C,1986,female
SH0002695,mass,Dong Nai,under_10m,C,1986,female
SH0002696,mass,Can Tho,10m_to_25m,D,1968,male
SH0002697,mass,Da Nang,10m_to_25m,D,2001,male
SH0002698,mass,Dong Nai,10m_to_25m,B,2005,female
SH0002699,mass,Ho Chi Minh City,under_10m,C,1967,female
SH0002700,mass,Ho Chi Minh City,under_10m,B,1982,male
SH0002701,mass,Da Nang,under_10m,D,1995,female
SH0002702,mass,Long An,under_10m,C,1990,male
SH0002703,mass,Binh Duong,under_10m,B,1977,female
SH0002704,mass,Ho Chi Minh City,under_10m,C,1988,female
SH0002705,mass,Bac Ninh,10m_to_25m,E,1988,female
SH0002706,emerging_affluent,Ho Chi Minh City,under_10m,D,1988,male
SH0002707,mass,Ha Noi,10m_to_25m,D,1997,male
SH0002708,emerging_affluent,Nghe An,under_10m,B,1980,female
SH0002709,mass,Can Tho,under_10m,A,2000,male
SH0002710,mass,Long An,under_10m,C,2001,male
SH0002711,mass,Thanh Hoa,under_10m,C,1991,female
SH0002712,mass,Dong Nai,under_10m,A,2003,male
SH0002713,emerging_affluent,Binh Duong,10m_to_25m,C,1975,female
SH0002714,mass,Thanh Hoa,under_10m,C,1981,male
SH0002715,mass,Khanh Hoa,under_10m,B,1983,female
SH0002716,emerging_affluent,Ha Noi,under_10m,C,2000,male
SH0002717,mass,Da Nang,over_25m,C,1973,female
SH0002718,mass,Binh Duong,under_10m,C,1979,female
SH0002719,mass,Binh Duong,10m_to_25m,B,1996,female
SH0002720,mass,Ha Noi,under_10m,D,1992,male
SH0002721,mass,Ho Chi Minh City,over_25m,C,1970,male
SH0002722,mass,Thanh Hoa,10m_to_25m,E,1973,female
SH0002723,emerging_affluent,Khanh Hoa,under_10m,D,1982,female
SH0002724,emerging_affluent,Can Tho,10m_to_25m,A,1983,female
SH0002725,emerging_affluent,Thanh Hoa,10m_to_25m,D,1991,male
SH0002726,emerging_affluent,Can Tho,over_25m,B,1985,male
SH0002727,emerging_affluent,Ho Chi Minh City,10m_to_25m,B,1996,female
SH0002728,mass,Can Tho,under_10m,B,1989,female
SH0002729,mass,Nghe An,over_25m,C,1972,male
SH0002730,mass,Ho Chi Minh City,10m_to_25m,D,2002,male
SH0002731,emerging_affluent,Thanh Hoa,under_10m,B,1980,female
SH0002732,emerging_affluent,Nghe An,10m_to_25m,D,1982,female
SH0002733,mass,Ha Noi,10m_to_25m,D,1984,female
SH0002734,mass,Ho Chi Minh City,10m_to_25m,A,1995,female
SH0002735,emerging_affluent,Ha Noi,under_10m,D,1981,male
SH0002736,mass,Binh Duong,over_25m,A,1993,male
SH0002737,emerging_affluent,Bac Ninh,10m_to_25m,C,2005,female
SH0002738,emerging_affluent,Khanh Hoa,10m_to_25m,D,2005,female
SH0002739,emerging_affluent,Ho Chi Minh City,10m_to_25m,B,1976,female
SH0002740,emerging_affluent,Khanh Hoa,10m_to_25m,A,2004,male
SH0002741,mass,Ha Noi,10m_to_25m,C,2001,male
SH0002742,mass,Long An,10m_to_25m,A,1997,male
SH0002743,emerging_affluent,Bac Ninh,under_10m,D,1978,female
SH0002744,mass,Binh Duong,10m_to_25m,B,1970,female
SH0002745,mass,Ha Noi,over_25m,D,1997,female
SH0002746,mass,Long An,10m_to_25m,C,1985,female
SH0002747,mass,Ha Noi,10m_to_25m,B,1982,female
SH0002748,mass,Hai Phong,under_10m,E,1990,female
SH0002749,mass,Ha Noi,over_25m,C,1986,male
SH0002750,mass,Ho Chi Minh City,under_10m,D,1988,male
SH0002751,mass,Hai Phong,under_10m,C,1999,male
SH0002752,emerging_affluent,Ha Noi,10m_to_25m,C,1974,female
SH0002753,emerging_affluent,Ha Noi,under_10m,C,1975,female
SH0002754,mass,Ha Noi,under_10m,B,1970,female
SH0002755,emerging_affluent,Can Tho,under_10m,E,1977,male
SH0002756,mass,Ha Noi,10m_to_25m,B,2003,male
SH0002757,mass,Binh Duong,under_10m,D,1971,male
SH0002758,mass,Can Tho,under_10m,C,1984,male
SH0002759,mass,Dong Nai,under_10m,D,1981,female
SH0002760,mass,Da Nang,under_10m,C,1973,male
SH0002761,emerging_affluent,Binh Duong,10m_to_25m,E,1997,female
SH0002762,emerging_affluent,Ho Chi Minh City,under_10m,B,1974,male
SH0002763,mass,Ha Noi,10m_to_25m,D,1978,female
SH0002764,mass,Ha Noi,10m_to_25m,A,2004,male
SH0002765,mass,Long An,10m_to_25m,C,1997,male
SH0002766,emerging_affluent,Ha Noi,10m_to_25m,B,1998,female
SH0002767,mass,Can Tho,under_10m,D,1976,female
SH0002768,mass,Da Nang,10m_to_25m,C,2005,female
SH0002769,mass,Can Tho,10m_to_25m,B,1977,male
SH0002770,emerging_affluent,Thanh Hoa,under_10m,C,2002,male
SH0002771,mass,Long An,10m_to_25m,B,1992,female
SH0002772,mass,Long An,over_25m,D,1967,female
SH0002773,mass,Nghe An,under_10m,D,1977,female
SH0002774,mass,Binh Duong,under_10m,A,1985,female
SH0002775,mass,Ho Chi Minh City,under_10m,E,1973,male
SH0002776,mass,Ho Chi Minh City,under_10m,C,1979,male
SH0002777,mass,Ho Chi Minh City,10m_to_25m,A,1969,male
SH0002778,emerging_affluent,Long An,under_10m,D,1992,female
SH0002779,mass,Nghe An,over_25m,D,1998,male
SH0002780,emerging_affluent,Ho Chi Minh City,under_10m,D,1983,male
SH0002781,emerging_affluent,Bac Ninh,10m_to_25m,D,1968,female
SH0002782,mass,Ho Chi Minh City,under_10m,E,1980,male
SH0002783,mass,Ha Noi,under_10m,C,1998,female
SH0002784,mass,Can Tho,under_10m,C,1997,female
SH0002785,mass,Ho Chi Minh City,10m_to_25m,D,1995,male
SH0002786,mass,Da Nang,10m_to_25m,C,1984,male
SH0002787,mass,Ha Noi,under_10m,B,2002,male
SH0002788,emerging_affluent,Ha Noi,10m_to_25m,A,1976,female
SH0002789,mass,Ha Noi,under_10m,D,1965,female
SH0002790,emerging_affluent,Ha Noi,10m_to_25m,B,2005,female
SH0002791,mass,Da Nang,10m_to_25m,B,1982,male
SH0002792,emerging_affluent,Binh Duong,10m_to_25m,A,1997,male
SH0002793,mass,Ha Noi,under_10m,D,1977,female
SH0002794,emerging_affluent,Hai Phong,10m_to_25m,D,1994,female
SH0002795,mass,Nghe An,over_25m,A,1977,female
SH0002796,emerging_affluent,Ha Noi,under_10m,E,1992,male
SH0002797,mass,Ha Noi,under_10m,D,2000,male
SH0002798,mass,Ha Noi,under_10m,B,1988,female
SH0002799,mass,Ha Noi,over_25m,C,1984,male
SH0002800,emerging_affluent,Dong Nai,under_10m,E,2005,male
SH0002801,mass,Ho Chi Minh City,10m_to_25m,C,1980,female
SH0002802,mass,Ha Noi,under_10m,B,1967,female
SH0002803,emerging_affluent,Da Nang,under_10m,B,1997,female
SH0002804,mass,Hai Phong,under_10m,C,1983,male
SH0002805,mass,Dong Nai,under_10m,D,1965,male
SH0002806,emerging_affluent,Ha Noi,10m_to_25m,C,2005,female
SH0002807,mass,Long An,under_10m,C,1973,male
SH0002808,mass,Bac Ninh,over_25m,D,1983,male
SH0002809,mass,Bac Ninh,10m_to_25m,E,1979,male
SH0002810,mass,Ho Chi Minh City,over_25m,B,1992,male
SH0002811,mass,Long An,under_10m,C,1996,male
SH0002812,emerging_affluent,Long An,under_10m,D,1975,male
SH0002813,mass,Dong Nai,under_10m,B,1966,female
SH0002814,emerging_affluent,Hai Phong,10m_to_25m,C,1970,male
SH0002815,mass,Hai Phong,under_10m,B,1969,male
SH0002816,mass,Ha Noi,10m_to_25m,B,1968,female
SH0002817,mass,Ho Chi Minh City,under_10m,D,2001,female
SH0002818,mass,Ho Chi Minh City,10m_to_25m,B,1984,male
SH0002819,emerging_affluent,Ha Noi,under_10m,E,1989,female
SH0002820,emerging_affluent,Binh Duong,10m_to_25m,B,1986,male
SH0002821,emerging_affluent,Ha Noi,under_10m,B,1989,male
SH0002822,mass,Dong Nai,under_10m,D,1990,male
SH0002823,mass,Long An,10m_to_25m,C,1982,male
SH0002824,mass,Hai Phong,under_10m,E,1969,female
SH0002825,emerging_affluent,Ha Noi,under_10m,C,2003,female
SH0002826,emerging_affluent,Da Nang,under_10m,C,1990,male
SH0002827,mass,Nghe An,10m_to_25m,C,1997,female
SH0002828,mass,Thanh Hoa,under_10m,C,1999,female
SH0002829,emerging_affluent,Hai Phong,under_10m,A,1988,female
SH0002830,emerging_affluent,Ha Noi,10m_to_25m,D,1986,female
SH0002831,mass,Khanh Hoa,under_10m,A,1994,female
SH0002832,mass,Dong Nai,10m_to_25m,C,1982,male
SH0002833,mass,Dong Nai,10m_to_25m,A,1966,male
SH0002834,mass,Dong Nai,10m_to_25m,C,1988,male
SH0002835,emerging_affluent,Ha Noi,10m_to_25m,A,1970,female
SH0002836,mass,Khanh Hoa,under_10m,A,1991,male
SH0002837,mass,Khanh Hoa,under_10m,C,1992,female
SH0002838,mass,Da Nang,under_10m,C,2003,male
SH0002839,mass,Khanh Hoa,10m_to_25m,A,1971,female
SH0002840,emerging_affluent,Long An,under_10m,B,2000,male
SH0002841,mass,Dong Nai,10m_to_25m,A,1981,female
SH0002842,mass,Khanh Hoa,10m_to_25m,B,1988,female
SH0002843,emerging_affluent,Can Tho,10m_to_25m,E,1970,male
SH0002844,mass,Ha Noi,under_10m,A,1984,male
SH0002845,emerging_affluent,Ho Chi Minh City,under_10m,C,1965,male
SH0002846,mass,Thanh Hoa,10m_to_25m,D,1990,female
SH0002847,mass,Ha Noi,under_10m,D,1966,female
SH0002848,emerging_affluent,Long An,10m_to_25m,D,1975,female
SH0002849,mass,Ho Chi Minh City,over_25m,B,1997,female
SH0002850,mass,Can Tho,10m_to_25m,C,1974,male
SH0002851,mass,Ha Noi,10m_to_25m,D,1998,male
SH0002852,mass,Long An,10m_to_25m,B,1989,male
SH0002853,mass,Nghe An,over_25m,A,1977,female
SH0002854,emerging_affluent,Binh Duong,over_25m,D,2002,female
SH0002855,mass,Ho Chi Minh City,over_25m,E,1990,female
SH0002856,mass,Can Tho,under_10m,C,1967,female
SH0002857,emerging_affluent,Ho Chi Minh City,under_10m,C,1965,female
SH0002858,mass,Thanh Hoa,under_10m,D,1966,male
SH0002859,mass,Da Nang,over_25m,D,2000,male
SH0002860,mass,Ha Noi,10m_to_25m,E,1971,female
SH0002861,mass,Dong Nai,10m_to_25m,D,1987,female
SH0002862,emerging_affluent,Ha Noi,under_10m,C,1991,female
SH0002863,mass,Long An,under_10m,B,1996,male
SH0002864,mass,Khanh Hoa,under_10m,A,1973,female
SH0002865,mass,Binh Duong,under_10m,B,1987,female
SH0002866,mass,Da Nang,under_10m,E,1991,male
SH0002867,mass,Khanh Hoa,under_10m,D,1980,female
SH0002868,emerging_affluent,Hai Phong,under_10m,C,1997,male
SH0002869,mass,Dong Nai,over_25m,C,1999,male
SH0002870,mass,Ho Chi Minh City,10m_to_25m,B,1971,male
SH0002871,mass,Ho Chi Minh City,10m_to_25m,D,2005,male
SH0002872,emerging_affluent,Thanh Hoa,under_10m,C,1998,female
SH0002873,mass,Ho Chi Minh City,over_25m,D,1994,female
SH0002874,emerging_affluent,Khanh Hoa,10m_to_25m,D,1992,female
SH0002875,mass,Ho Chi Minh City,10m_to_25m,C,1967,female
SH0002876,mass,Can Tho,10m_to_25m,C,1978,male
SH0002877,emerging_affluent,Ha Noi,under_10m,C,1994,male
SH0002878,mass,Ha Noi,under_10m,D,1980,female
SH0002879,mass,Ha Noi,over_25m,C,1997,male
SH0002880,mass,Da Nang,over_25m,E,1969,female
SH0002881,mass,Thanh Hoa,under_10m,E,1989,male
SH0002882,mass,Ho Chi Minh City,over_25m,E,1993,male
SH0002883,mass,Ho Chi Minh City,over_25m,D,1998,female
SH0002884,mass,Ha Noi,over_25m,C,1975,female
SH0002885,mass,Nghe An,under_10m,C,2004,female
SH0002886,emerging_affluent,Da Nang,under_10m,E,1998,male
SH0002887,mass,Nghe An,over_25m,E,2004,female
SH0002888,mass,Long An,under_10m,B,1979,female
SH0002889,emerging_affluent,Can Tho,under_10m,E,1990,female
SH0002890,mass,Ho Chi Minh City,under_10m,C,1971,female
SH0002891,mass,Binh Duong,under_10m,C,1972,male
SH0002892,emerging_affluent,Ho Chi Minh City,over_25m,D,1984,male
SH0002893,mass,Da Nang,under_10m,E,1971,female
SH0002894,mass,Ha Noi,over_25m,A,1978,female
SH0002895,emerging_affluent,Ha Noi,under_10m,D,1971,female
SH0002896,mass,Da Nang,over_25m,D,2003,female
SH0002897,mass,Hai Phong,10m_to_25m,A,1971,female
SH0002898,mass,Ha Noi,over_25m,C,2001,female
SH0002899,mass,Ha Noi,under_10m,D,1981,female
SH0002900,mass,Ho Chi Minh City,under_10m,B,1982,female
SH0002901,mass,Da Nang,under_10m,C,1972,male
SH0002902,mass,Nghe An,under_10m,B,1970,female
SH0002903,emerging_affluent,Long An,under_10m,D,1990,male
SH0002904,mass,Ha Noi,10m_to_25m,B,1973,female
SH0002905,mass,Bac Ninh,10m_to_25m,C,1983,male
SH0002906,emerging_affluent,Ha Noi,under_10m,B,1974,female
SH0002907,mass,Ha Noi,10m_to_25m,C,1975,female
SH0002908,mass,Da Nang,over_25m,B,1981,female
SH0002909,emerging_affluent,Bac Ninh,under_10m,D,1988,female
SH0002910,mass,Hai Phong,under_10m,A,1995,male
SH0002911,mass,Nghe An,10m_to_25m,D,1997,female
SH0002912,mass,Can Tho,under_10m,C,1992,male
SH0002913,mass,Ha Noi,over_25m,B,1993,female
SH0002914,mass,Thanh Hoa,over_25m,E,1976,female
SH0002915,mass,Thanh Hoa,over_25m,D,1990,female
SH0002916,mass,Ho Chi Minh City,over_25m,B,1977,male
SH0002917,emerging_affluent,Da Nang,10m_to_25m,B,1968,male
SH0002918,mass,Dong Nai,10m_to_25m,B,1970,female
SH0002919,mass,Dong Nai,over_25m,D,1994,female
SH0002920,emerging_affluent,Hai Phong,10m_to_25m,D,2000,male
SH0002921,mass,Thanh Hoa,under_10m,B,1972,male
SH0002922,emerging_affluent,Ha Noi,under_10m,A,1987,male
SH0002923,mass,Dong Nai,10m_to_25m,C,1983,male
SH0002924,mass,Ho Chi Minh City,under_10m,B,1967,female
SH0002925,emerging_affluent,Da Nang,10m_to_25m,B,2000,female
SH0002926,mass,Da Nang,under_10m,E,1966,male
SH0002927,mass,Ho Chi Minh City,under_10m,A,2003,female
SH0002928,mass,Hai Phong,10m_to_25m,B,1965,male
SH0002929,mass,Can Tho,10m_to_25m,D,1975,female
SH0002930,mass,Bac Ninh,10m_to_25m,E,1977,male
SH0002931,emerging_affluent,Da Nang,over_25m,D,1973,female
SH0002932,mass,Dong Nai,under_10m,C,1997,female
SH0002933,mass,Binh Duong,10m_to_25m,A,1977,female
SH0002934,mass,Ha Noi,under_10m,D,1968,female
SH0002935,emerging_affluent,Ho Chi Minh City,10m_to_25m,C,1972,female
SH0002936,mass,Binh Duong,under_10m,A,1965,male
SH0002937,mass,Ha Noi,under_10m,C,1969,female
SH0002938,emerging_affluent,Hai Phong,under_10m,D,1978,female
SH0002939,mass,Long An,10m_to_25m,B,1972,female
SH0002940,mass,Ho Chi Minh City,10m_to_25m,B,2002,female
SH0002941,mass,Thanh Hoa,under_10m,D,1968,female
SH0002942,mass,Thanh Hoa,under_10m,E,1988,female
SH0002943,mass,Hai Phong,under_10m,B,1984,female
SH0002944,emerging_affluent,Khanh Hoa,under_10m,B,1989,male
SH0002945,mass,Binh Duong,10m_to_25m,C,1997,male
SH0002946,mass,Ho Chi Minh City,under_10m,C,1990,male
SH0002947,mass,Thanh Hoa,over_25m,B,1988,female
SH0002948,emerging_affluent,Ha Noi,10m_to_25m,B,1983,male
SH0002949,mass,Thanh Hoa,under_10m,C,1992,female
SH0002950,mass,Ha Noi,10m_to_25m,D,1987,male
SH0002951,emerging_affluent,Binh Duong,under_10m,D,2005,female
SH0002952,mass,Binh Duong,under_10m,E,1989,male
SH0002953,mass,Hai Phong,over_25m,C,1985,female
SH0002954,mass,Nghe An,under_10m,B,1981,female
SH0002955,emerging_affluent,Ha Noi,under_10m,D,1980,female
SH0002956,mass,Ho Chi Minh City,under_10m,C,1979,male
SH0002957,mass,Can Tho,over_25m,E,1998,male
SH0002958,mass,Da Nang,10m_to_25m,B,2005,female
SH0002959,emerging_affluent,Long An,under_10m,C,2005,male
SH0002960,mass,Ho Chi Minh City,over_25m,C,1970,male
SH0002961,mass,Hai Phong,10m_to_25m,D,1998,female
SH0002962,mass,Long An,under_10m,C,1986,male
SH0002963,mass,Ha Noi,under_10m,C,1976,female
SH0002964,mass,Binh Duong,under_10m,B,1982,female
SH0002965,emerging_affluent,Da Nang,10m_to_25m,C,1981,female
SH0002966,emerging_affluent,Hai Phong,10m_to_25m,D,1989,female
SH0002967,emerging_affluent,Hai Phong,10m_to_25m,C,1968,male
SH0002968,emerging_affluent,Ho Chi Minh City,10m_to_25m,B,2004,female
SH0002969,mass,Ho Chi Minh City,10m_to_25m,B,1985,male
SH0002970,mass,Ho Chi Minh City,over_25m,D,2001,female
SH0002971,emerging_affluent,Ha Noi,10m_to_25m,B,1969,male
SH0002972,mass,Khanh Hoa,under_10m,C,1980,male
SH0002973,emerging_affluent,Can Tho,under_10m,A,1998,female
SH0002974,emerging_affluent,Ho Chi Minh City,10m_to_25m,C,1982,female
SH0002975,emerging_affluent,Ho Chi Minh City,under_10m,B,1986,male
SH0002976,mass,Nghe An,under_10m,C,1992,female
SH0002977,mass,Da Nang,10m_to_25m,D,1976,female
SH0002978,emerging_affluent,Long An,under_10m,B,1979,male
SH0002979,mass,Ho Chi Minh City,over_25m,A,2005,male
SH0002980,mass,Ho Chi Minh City,under_10m,C,1990,male
SH0002981,mass,Da Nang,over_25m,A,2002,male
SH0002982,mass,Dong Nai,10m_to_25m,C,1990,female
SH0002983,mass,Ha Noi,10m_to_25m,B,1998,female
SH0002984,emerging_affluent,Can Tho,10m_to_25m,B,1970,female
SH0002985,mass,Can Tho,10m_to_25m,C,2003,male
SH0002986,mass,Long An,over_25m,D,2000,female
SH0002987,mass,Nghe An,under_10m,B,1994,male
SH0002988,emerging_affluent,Ho Chi Minh City,under_10m,D,1993,female
SH0002989,mass,Ho Chi Minh City,over_25m,C,1994,female
SH0002990,emerging_affluent,Ho Chi Minh City,under_10m,D,1991,male
SH0002991,mass,Bac Ninh,under_10m,B,1983,male
SH0002992,mass,Thanh Hoa,10m_to_25m,A,1999,female
SH0002993,emerging_affluent,Thanh Hoa,under_10m,B,2001,male
SH0002994,mass,Ha Noi,under_10m,D,1973,female
SH0002995,mass,Thanh Hoa,under_10m,D,1979,female
SH0002996,mass,Dong Nai,10m_to_25m,D,1997,male
SH0002997,emerging_affluent,Can Tho,10m_to_25m,C,1979,female
SH0002998,emerging_affluent,Dong Nai,10m_to_25m,E,1987,female
SH0002999,mass,Ho Chi Minh City,10m_to_25m,C,1983,male
SH0003000,emerging_affluent,Ho Chi Minh City,10m_to_25m,E,1984,male
SH0003001,mass,Thanh Hoa,10m_to_25m,C,1972,female
SH0003002,mass,Ha Noi,10m_to_25m,B,2001,male
SH0003003,emerging_affluent,Ha Noi,under_10m,C,1978,female
SH0003004,mass,Khanh Hoa,10m_to_25m,D,1983,male
SH0003005,mass,Bac Ninh,10m_to_25m,B,1967,female
SH0003006,mass,Ho Chi Minh City,10m_to_25m,B,2002,female
SH0003007,mass,Binh Duong,under_10m,D,1976,female
SH0003008,emerging_affluent,Ho Chi Minh City,10m_to_25m,B,1981,female
SH0003009,mass,Binh Duong,10m_to_25m,B,1985,male
SH0003010,mass,Ho Chi Minh City,10m_to_25m,E,1974,female
SH0003011,mass,Ha Noi,under_10m,A,1973,male
SH0003012,mass,Ha Noi,10m_to_25m,E,1987,female
SH0003013,emerging_affluent,Ho Chi Minh City,under_10m,C,1986,female
SH0003014,mass,Thanh Hoa,over_25m,B,1977,male
SH0003015,mass,Ho Chi Minh City,10m_to_25m,D,1983,male
SH0003016,emerging_affluent,Da Nang,under_10m,D,1967,female
SH0003017,emerging_affluent,Nghe An,10m_to_25m,B,1985,female
SH0003018,mass,Dong Nai,under_10m,B,1980,female
SH0003019,mass,Long An,under_10m,B,1978,female
SH0003020,emerging_affluent,Ha Noi,under_10m,A,1973,female
SH0003021,mass,Ho Chi Minh City,10m_to_25m,C,1979,male
SH0003022,emerging_affluent,Nghe An,10m_to_25m,D,1966,female
SH0003023,mass,Da Nang,under_10m,C,1993,female
SH0003024,mass,Dong Nai,under_10m,A,1966,male
SH0003025,mass,Ha Noi,under_10m,E,1970,female
SH0003026,mass,Ha Noi,under_10m,C,1974,male
SH0003027,mass,Binh Duong,10m_to_25m,B,1991,female
SH0003028,mass,Nghe An,10m_to_25m,D,1993,male
SH0003029,mass,Ha Noi,under_10m,C,1997,male
SH0003030,emerging_affluent,Ho Chi Minh City,under_10m,C,1970,female
SH0003031,mass,Ho Chi Minh City,10m_to_25m,C,1995,male
SH0003032,mass,Bac Ninh,under_10m,C,1975,female
SH0003033,emerging_affluent,Nghe An,under_10m,B,1980,male
SH0003034,mass,Ha Noi,under_10m,D,2000,female
SH0003035,emerging_affluent,Ho Chi Minh City,under_10m,D,1985,female
SH0003036,emerging_affluent,Ha Noi,under_10m,B,1989,male
SH0003037,mass,Da Nang,under_10m,B,2003,female
SH0003038,mass,Ha Noi,under_10m,C,1984,female
SH0003039,mass,Can Tho,10m_to_25m,C,1971,female
SH0003040,mass,Ho Chi Minh City,under_10m,C,1970,male
SH0003041,mass,Ho Chi Minh City,under_10m,D,1991,female
SH0003042,mass,Hai Phong,over_25m,D,2005,male
SH0003043,mass,Dong Nai,under_10m,E,1991,female
SH0003044,emerging_affluent,Thanh Hoa,10m_to_25m,D,1991,female
SH0003045,mass,Long An,10m_to_25m,B,1990,male
SH0003046,mass,Bac Ninh,under_10m,C,1977,male
SH0003047,mass,Hai Phong,under_10m,C,1989,female
SH0003048,emerging_affluent,Hai Phong,10m_to_25m,B,1988,male
SH0003049,mass,Binh Duong,10m_to_25m,C,2005,female
SH0003050,emerging_affluent,Binh Duong,over_25m,B,1979,male
SH0003051,mass,Dong Nai,10m_to_25m,A,1992,male
SH0003052,mass,Long An,under_10m,C,1984,female
SH0003053,emerging_affluent,Ho Chi Minh City,under_10m,C,1966,female
SH0003054,mass,Khanh Hoa,10m_to_25m,C,1988,female
SH0003055,mass,Binh Duong,10m_to_25m,C,1982,female
SH0003056,mass,Dong Nai,over_25m,C,1989,male
SH0003057,emerging_affluent,Dong Nai,over_25m,D,1979,male
SH0003058,mass,Khanh Hoa,over_25m,B,2000,female
SH0003059,emerging_affluent,Long An,10m_to_25m,D,1977,female
SH0003060,mass,Da Nang,under_10m,D,1993,female
SH0003061,mass,Ho Chi Minh City,10m_to_25m,D,1993,female
SH0003062,mass,Hai Phong,under_10m,D,1982,male
SH0003063,mass,Thanh Hoa,10m_to_25m,B,1977,female
SH0003064,mass,Ho Chi Minh City,under_10m,D,1990,female
SH0003065,emerging_affluent,Ho Chi Minh City,under_10m,B,1990,female
SH0003066,emerging_affluent,Ha Noi,10m_to_25m,D,1990,male
SH0003067,mass,Ho Chi Minh City,under_10m,C,2000,male
SH0003068,emerging_affluent,Da Nang,10m_to_25m,C,1982,female
SH0003069,mass,Khanh Hoa,under_10m,B,1967,male
SH0003070,mass,Ha Noi,10m_to_25m,B,1984,female
SH0003071,emerging_affluent,Ha Noi,under_10m,D,1993,female
SH0003072,mass,Ho Chi Minh City,under_10m,A,1971,female
SH0003073,emerging_affluent,Thanh Hoa,under_10m,B,2005,female
SH0003074,emerging_affluent,Da Nang,under_10m,B,1974,male
SH0003075,emerging_affluent,Bac Ninh,10m_to_25m,C,1983,male
SH0003076,emerging_affluent,Hai Phong,under_10m,B,2000,male
SH0003077,mass,Ho Chi Minh City,10m_to_25m,D,1969,male
SH0003078,emerging_affluent,Thanh Hoa,over_25m,B,2003,male
SH0003079,mass,Ha Noi,under_10m,C,2001,male
SH0003080,emerging_affluent,Long An,10m_to_25m,D,1991,male
SH0003081,mass,Da Nang,over_25m,E,1989,male
SH0003082,mass,Nghe An,under_10m,B,1977,female
SH0003083,emerging_affluent,Nghe An,10m_to_25m,B,2005,male
SH0003084,emerging_affluent,Binh Duong,under_10m,D,1995,female
SH0003085,mass,Ho Chi Minh City,10m_to_25m,C,2001,female
SH0003086,mass,Ho Chi Minh City,10m_to_25m,E,1976,female
SH0003087,mass,Ho Chi Minh City,under_10m,D,2005,male
SH0003088,emerging_affluent,Bac Ninh,under_10m,B,1992,male
SH0003089,mass,Khanh Hoa,10m_to_25m,C,1984,male
SH0003090,mass,Thanh Hoa,10m_to_25m,C,1997,male
SH0003091,emerging_affluent,Ho Chi Minh City,under_10m,C,2003,male
SH0003092,mass,Ha Noi,over_25m,C,1980,male
SH0003093,mass,Thanh Hoa,under_10m,A,1984,female
SH0003094,mass,Binh Duong,10m_to_25m,A,1996,female
SH0003095,mass,Bac Ninh,10m_to_25m,A,1992,male
SH0003096,mass,Da Nang,under_10m,D,1966,male
SH0003097,emerging_affluent,Khanh Hoa,under_10m,C,1999,male
SH0003098,emerging_affluent,Ha Noi,over_25m,B,1992,male
SH0003099,emerging_affluent,Hai Phong,under_10m,A,1983,male
SH0003100,mass,Long An,over_25m,C,2003,male
SH0003101,mass,Bac Ninh,under_10m,C,1976,male
SH0003102,emerging_affluent,Dong Nai,under_10m,C,1996,female
SH0003103,mass,Ho Chi Minh City,over_25m,B,1998,male
SH0003104,mass,Ho Chi Minh City,under_10m,E,1997,male
SH0003105,mass,Ho Chi Minh City,10m_to_25m,A,1976,female
SH0003106,mass,Thanh Hoa,10m_to_25m,C,1990,male
SH0003107,mass,Can Tho,10m_to_25m,B,2001,female
SH0003108,mass,Khanh Hoa,over_25m,D,2005,male
SH0003109,mass,Binh Duong,10m_to_25m,D,1995,female
SH0003110,mass,Ha Noi,over_25m,E,2004,male
SH0003111,mass,Thanh Hoa,under_10m,C,2000,female
SH0003112,mass,Khanh Hoa,10m_to_25m,B,1986,female
SH0003113,emerging_affluent,Binh Duong,10m_to_25m,B,1966,female
SH0003114,emerging_affluent,Dong Nai,under_10m,E,1997,male
SH0003115,mass,Hai Phong,over_25m,B,1980,female
SH0003116,mass,Ha Noi,over_25m,C,1968,male
SH0003117,emerging_affluent,Bac Ninh,under_10m,C,1972,male
SH0003118,emerging_affluent,Da Nang,10m_to_25m,C,1977,male
SH0003119,mass,Ha Noi,10m_to_25m,C,2000,male
SH0003120,mass,Bac Ninh,over_25m,E,1971,female
SH0003121,mass,Da Nang,under_10m,D,1991,female
SH0003122,mass,Ha Noi,10m_to_25m,B,1987,female
SH0003123,mass,Khanh Hoa,under_10m,C,1979,female
SH0003124,emerging_affluent,Long An,under_10m,D,1981,male
SH0003125,mass,Nghe An,10m_to_25m,B,1968,female
SH0003126,mass,Ha Noi,10m_to_25m,C,2005,male
SH0003127,emerging_affluent,Ha Noi,10m_to_25m,B,1971,female
SH0003128,emerging_affluent,Can Tho,under_10m,C,1987,male
SH0003129,emerging_affluent,Ha Noi,under_10m,D,2000,female
SH0003130,emerging_affluent,Thanh Hoa,10m_to_25m,E,1986,male
SH0003131,emerging_affluent,Long An,under_10m,C,1978,female
SH0003132,mass,Ha Noi,under_10m,D,1997,male
SH0003133,emerging_affluent,Da Nang,10m_to_25m,B,1987,male
SH0003134,emerging_affluent,Nghe An,10m_to_25m,A,1993,female
SH0003135,mass,Khanh Hoa,under_10m,C,1977,male
SH0003136,emerging_affluent,Binh Duong,under_10m,A,1972,male
SH0003137,mass,Ho Chi Minh City,over_25m,E,1998,female
SH0003138,mass,Dong Nai,10m_to_25m,B,2002,male
SH0003139,mass,Long An,under_10m,C,1990,male
SH0003140,mass,Thanh Hoa,under_10m,D,1980,female
SH0003141,mass,Ho Chi Minh City,10m_to_25m,B,1984,male
SH0003142,mass,Long An,under_10m,A,1971,male
SH0003143,mass,Da Nang,over_25m,B,2004,female
SH0003144,mass,Khanh Hoa,10m_to_25m,C,1993,male
SH0003145,mass,Da Nang,over_25m,C,1973,male
SH0003146,mass,Ho Chi Minh City,under_10m,C,1966,female
SH0003147,emerging_affluent,Da Nang,under_10m,E,2001,male
SH0003148,mass,Nghe An,under_10m,B,2002,female
SH0003149,emerging_affluent,Can Tho,under_10m,C,2001,female
SH0003150,mass,Ha Noi,over_25m,B,1995,male
SH0003151,mass,Binh Duong,under_10m,B,1999,male
SH0003152,mass,Ho Chi Minh City,10m_to_25m,A,1978,female
SH0003153,mass,Dong Nai,under_10m,C,1990,male
SH0003154,mass,Ho Chi Minh City,under_10m,B,1969,female
SH0003155,mass,Hai Phong,under_10m,C,1970,male
SH0003156,mass,Ha Noi,over_25m,C,1997,female
SH0003157,emerging_affluent,Bac Ninh,under_10m,B,2001,female
SH0003158,mass,Binh Duong,over_25m,A,2002,female
SH0003159,mass,Ho Chi Minh City,10m_to_25m,C,1984,female
SH0003160,emerging_affluent,Hai Phong,10m_to_25m,D,1965,male
SH0003161,emerging_affluent,Dong Nai,10m_to_25m,B,1984,male
SH0003162,mass,Da Nang,10m_to_25m,E,1978,female
SH0003163,mass,Ha Noi,10m_to_25m,D,1988,female
SH0003164,emerging_affluent,Da Nang,under_10m,D,1978,female
SH0003165,mass,Bac Ninh,10m_to_25m,B,1975,female
SH0003166,emerging_affluent,Can Tho,10m_to_25m,E,1988,male
SH0003167,mass,Ha Noi,under_10m,D,1991,male
SH0003168,mass,Da Nang,10m_to_25m,B,1995,male
SH0003169,mass,Da Nang,under_10m,C,2003,female
SH0003170,mass,Ho Chi Minh City,under_10m,B,2005,male
SH0003171,mass,Hai Phong,under_10m,D,1985,female
SH0003172,mass,Ho Chi Minh City,10m_to_25m,D,1991,male
SH0003173,mass,Ho Chi Minh City,under_10m,B,1976,male
SH0003174,mass,Da Nang,under_10m,E,1998,female
SH0003175,mass,Bac Ninh,10m_to_25m,B,1992,female
SH0003176,mass,Ha Noi,10m_to_25m,B,1989,male
SH0003177,emerging_affluent,Can Tho,under_10m,C,1973,female
SH0003178,mass,Long An,10m_to_25m,C,2004,female
SH0003179,mass,Khanh Hoa,under_10m,C,1981,female
SH0003180,mass,Ha Noi,under_10m,C,1992,female
SH0003181,emerging_affluent,Bac Ninh,under_10m,C,1994,male
SH0003182,emerging_affluent,Dong Nai,under_10m,B,1999,male
SH0003183,mass,Da Nang,under_10m,C,1969,male
SH0003184,emerging_affluent,Ha Noi,under_10m,D,1982,male
SH0003185,mass,Long An,under_10m,C,1979,female
SH0003186,emerging_affluent,Ho Chi Minh City,10m_to_25m,C,1997,female
SH0003187,mass,Long An,over_25m,D,2000,male
SH0003188,mass,Ho Chi Minh City,10m_to_25m,B,1987,male
SH0003189,mass,Ho Chi Minh City,under_10m,C,1996,male
SH0003190,mass,Thanh Hoa,under_10m,B,1973,female
SH0003191,emerging_affluent,Ha Noi,10m_to_25m,B,1972,male
SH0003192,mass,Ho Chi Minh City,under_10m,B,1992,male
SH0003193,mass,Can Tho,10m_to_25m,A,2001,female
SH0003194,mass,Nghe An,10m_to_25m,C,1996,male
SH0003195,mass,Thanh Hoa,10m_to_25m,B,1970,female
SH0003196,mass,Khanh Hoa,10m_to_25m,D,1999,male
SH0003197,mass,Dong Nai,over_25m,C,1981,male
SH0003198,emerging_affluent,Ho Chi Minh City,over_25m,A,1987,female
SH0003199,mass,Ha Noi,under_10m,C,1994,female
SH0003200,mass,Ha Noi,over_25m,B,1993,male
SH0003201,mass,Long An,under_10m,A,1974,female
SH0003202,mass,Khanh Hoa,10m_to_25m,C,1981,male
SH0003203,mass,Can Tho,under_10m,C,1975,male
SH0003204,emerging_affluent,Ha Noi,under_10m,A,1995,male
SH0003205,emerging_affluent,Long An,10m_to_25m,C,1992,female
SH0003206,emerging_affluent,Nghe An,10m_to_25m,D,1986,male
SH0003207,mass,Dong Nai,under_10m,B,2005,male
SH0003208,emerging_affluent,Bac Ninh,over_25m,C,1966,female
SH0003209,mass,Ha Noi,under_10m,C,1972,female
SH0003210,emerging_affluent,Ha Noi,under_10m,D,1970,male
SH0003211,mass,Nghe An,under_10m,A,1989,female
SH0003212,mass,Ho Chi Minh City,10m_to_25m,B,1996,male
SH0003213,mass,Ha Noi,10m_to_25m,C,1983,male
SH0003214,mass,Hai Phong,10m_to_25m,B,1984,female
SH0003215,mass,Thanh Hoa,over_25m,C,1990,female
SH0003216,mass,Hai Phong,under_10m,B,1988,male
SH0003217,mass,Thanh Hoa,under_10m,E,1976,female
SH0003218,emerging_affluent,Khanh Hoa,under_10m,D,1998,female
SH0003219,emerging_affluent,Da Nang,under_10m,A,1996,male
SH0003220,mass,Nghe An,under_10m,D,1982,female
SH0003221,emerging_affluent,Nghe An,10m_to_25m,C,1984,male
SH0003222,mass,Long An,under_10m,C,1993,female
SH0003223,mass,Ha Noi,under_10m,C,1993,male
SH0003224,emerging_affluent,Dong Nai,10m_to_25m,C,1981,male
SH0003225,emerging_affluent,Hai Phong,over_25m,B,1971,female
SH0003226,mass,Long An,under_10m,D,1991,male
SH0003227,mass,Nghe An,over_25m,D,1983,female
SH0003228,mass,Khanh Hoa,under_10m,E,1971,male
SH0003229,mass,Can Tho,over_25m,B,1996,male
SH0003230,mass,Da Nang,over_25m,C,1989,male
SH0003231,mass,Ho Chi Minh City,under_10m,C,1981,female
SH0003232,mass,Bac Ninh,under_10m,D,1968,male
SH0003233,mass,Dong Nai,under_10m,B,1977,male
SH0003234,emerging_affluent,Ha Noi,10m_to_25m,B,1982,male
SH0003235,mass,Ho Chi Minh City,over_25m,A,1999,female
SH0003236,mass,Ho Chi Minh City,10m_to_25m,E,1975,male
SH0003237,mass,Ho Chi Minh City,10m_to_25m,C,1996,female
SH0003238,emerging_affluent,Ha Noi,under_10m,D,1969,male
SH0003239,emerging_affluent,Thanh Hoa,10m_to_25m,C,2000,female
SH0003240,mass,Nghe An,under_10m,C,1997,male
SH0003241,mass,Nghe An,10m_to_25m,C,1973,male
SH0003242,mass,Ha Noi,10m_to_25m,C,1989,female
SH0003243,mass,Ho Chi Minh City,10m_to_25m,D,1986,female
SH0003244,mass,Da Nang,10m_to_25m,A,1967,male
SH0003245,emerging_affluent,Hai Phong,under_10m,E,1986,female
SH0003246,mass,Ho Chi Minh City,10m_to_25m,C,1991,male
SH0003247,mass,Ha Noi,10m_to_25m,C,1995,male
SH0003248,emerging_affluent,Da Nang,10m_to_25m,A,1967,female
SH0003249,mass,Bac Ninh,under_10m,C,1989,female
SH0003250,emerging_affluent,Thanh Hoa,under_10m,C,1972,male
SH0003251,emerging_affluent,Ho Chi Minh City,under_10m,C,1967,female
SH0003252,mass,Ho Chi Minh City,under_10m,C,1975,male
SH0003253,emerging_affluent,Khanh Hoa,under_10m,B,1993,male
SH0003254,mass,Hai Phong,under_10m,E,2004,female
SH0003255,mass,Ho Chi Minh City,10m_to_25m,C,1996,male
SH0003256,emerging_affluent,Ha Noi,under_10m,C,1995,female
SH0003257,emerging_affluent,Khanh Hoa,10m_to_25m,B,2002,male
SH0003258,mass,Bac Ninh,10m_to_25m,C,1968,female
SH0003259,emerging_affluent,Ho Chi Minh City,over_25m,C,1974,male
SH0003260,mass,Bac Ninh,over_25m,C,1996,female
SH0003261,mass,Can Tho,over_25m,B,1981,female
SH0003262,mass,Ho Chi Minh City,under_10m,D,2003,female
SH0003263,mass,Ho Chi Minh City,10m_to_25m,D,1965,male
SH0003264,mass,Can Tho,over_25m,E,1996,female
SH0003265,emerging_affluent,Ho Chi Minh City,under_10m,C,1982,female
SH0003266,mass,Bac Ninh,10m_to_25m,E,1980,male
SH0003267,emerging_affluent,Bac Ninh,over_25m,C,1982,male
SH0003268,emerging_affluent,Ho Chi Minh City,10m_to_25m,B,1983,female
SH0003269,mass,Long An,over_25m,D,2001,female
SH0003270,mass,Binh Duong,over_25m,D,1990,female
SH0003271,mass,Ho Chi Minh City,10m_to_25m,D,1966,female
SH0003272,mass,Ho Chi Minh City,under_10m,B,1974,male
SH0003273,emerging_affluent,Nghe An,under_10m,B,1989,male
SH0003274,mass,Thanh Hoa,over_25m,D,1985,female
SH0003275,mass,Dong Nai,10m_to_25m,D,1969,male
SH0003276,mass,Ho Chi Minh City,10m_to_25m,D,1980,male
SH0003277,emerging_affluent,Nghe An,10m_to_25m,B,1987,female
SH0003278,emerging_affluent,Long An,10m_to_25m,B,1994,female
SH0003279,emerging_affluent,Thanh Hoa,under_10m,D,1976,male
SH0003280,mass,Ho Chi Minh City,10m_to_25m,D,1991,female
SH0003281,mass,Ha Noi,under_10m,D,2002,male
SH0003282,mass,Ho Chi Minh City,10m_to_25m,C,1989,female
SH0003283,mass,Ho Chi Minh City,under_10m,B,2005,male
SH0003284,emerging_affluent,Da Nang,10m_to_25m,D,2005,male
SH0003285,emerging_affluent,Nghe An,10m_to_25m,B,1981,female
SH0003286,mass,Khanh Hoa,10m_to_25m,E,1975,male
SH0003287,emerging_affluent,Hai Phong,under_10m,C,1983,female
SH0003288,emerging_affluent,Dong Nai,10m_to_25m,E,1989,female
SH0003289,mass,Thanh Hoa,over_25m,C,1971,female
SH0003290,mass,Can Tho,under_10m,C,1969,male
SH0003291,mass,Ha Noi,10m_to_25m,C,1974,male
SH0003292,mass,Can Tho,under_10m,B,2005,female
SH0003293,mass,Ha Noi,10m_to_25m,D,1983,male
SH0003294,mass,Bac Ninh,under_10m,A,1987,male
SH0003295,mass,Ho Chi Minh City,10m_to_25m,B,1980,male
SH0003296,mass,Ha Noi,10m_to_25m,B,1973,male
SH0003297,mass,Da Nang,under_10m,B,1987,male
SH0003298,mass,Can Tho,under_10m,E,1991,male
SH0003299,mass,Ho Chi Minh City,over_25m,A,1991,female
SH0003300,emerging_affluent,Ha Noi,10m_to_25m,D,1977,female
SH0003301,mass,Bac Ninh,under_10m,C,1970,female
SH0003302,emerging_affluent,Can Tho,over_25m,C,1995,female
SH0003303,emerging_affluent,Hai Phong,under_10m,A,2005,female
SH0003304,emerging_affluent,Bac Ninh,10m_to_25m,D,1979,female
SH0003305,mass,Thanh Hoa,under_10m,A,2002,female
SH0003306,emerging_affluent,Hai Phong,under_10m,B,2003,female
SH0003307,mass,Da Nang,under_10m,C,1991,male
SH0003308,emerging_affluent,Khanh Hoa,under_10m,B,1968,male
SH0003309,mass,Ho Chi Minh City,under_10m,D,1981,female
SH0003310,mass,Binh Duong,under_10m,B,1993,male
SH0003311,emerging_affluent,Ho Chi Minh City,under_10m,A,1999,male
SH0003312,mass,Binh Duong,under_10m,D,1970,female
SH0003313,mass,Dong Nai,under_10m,C,1971,female
SH0003314,emerging_affluent,Ha Noi,10m_to_25m,D,2003,male
SH0003315,mass,Ha Noi,under_10m,B,1965,male
SH0003316,mass,Thanh Hoa,10m_to_25m,C,1991,female
SH0003317,mass,Ha Noi,under_10m,C,1966,female
SH0003318,emerging_affluent,Ho Chi Minh City,10m_to_25m,C,1994,female
SH0003319,mass,Ha Noi,10m_to_25m,B,1975,female
SH0003320,mass,Ha Noi,10m_to_25m,B,1973,female
SH0003321,mass,Long An,10m_to_25m,C,1996,female
SH0003322,mass,Ha Noi,under_10m,C,1973,male
SH0003323,mass,Binh Duong,under_10m,B,1970,male
SH0003324,mass,Can Tho,under_10m,B,1981,male
SH0003325,emerging_affluent,Khanh Hoa,10m_to_25m,C,1980,male
SH0003326,emerging_affluent,Ha Noi,10m_to_25m,C,1974,female
SH0003327,emerging_affluent,Ho Chi Minh City,under_10m,B,2005,male
SH0003328,emerging_affluent,Ha Noi,under_10m,B,1991,female
SH0003329,mass,Thanh Hoa,under_10m,C,1995,female
SH0003330,mass,Ho Chi Minh City,10m_to_25m,B,1993,male
SH0003331,emerging_affluent,Hai Phong,under_10m,A,1965,male
SH0003332,emerging_affluent,Nghe An,under_10m,C,1988,female
SH0003333,mass,Dong Nai,under_10m,A,1987,female
SH0003334,emerging_affluent,Ha Noi,under_10m,C,1972,male
SH0003335,mass,Bac Ninh,under_10m,D,1998,female
SH0003336,emerging_affluent,Binh Duong,under_10m,C,1977,female
SH0003337,mass,Ho Chi Minh City,10m_to_25m,C,1978,female
SH0003338,mass,Ho Chi Minh City,under_10m,B,1998,male
SH0003339,mass,Ho Chi Minh City,under_10m,C,1989,female
SH0003340,emerging_affluent,Ho Chi Minh City,10m_to_25m,A,1981,male
SH0003341,emerging_affluent,Dong Nai,under_10m,A,1974,male
SH0003342,mass,Khanh Hoa,over_25m,D,1991,male
SH0003343,mass,Ho Chi Minh City,10m_to_25m,B,1977,female
SH0003344,emerging_affluent,Ha Noi,10m_to_25m,A,1981,male
SH0003345,mass,Ho Chi Minh City,10m_to_25m,C,2002,female
SH0003346,mass,Hai Phong,10m_to_25m,C,1966,male
SH0003347,emerging_affluent,Ha Noi,under_10m,C,1973,female
SH0003348,emerging_affluent,Binh Duong,10m_to_25m,E,1969,male
SH0003349,mass,Ho Chi Minh City,10m_to_25m,D,1985,male
SH0003350,mass,Binh Duong,10m_to_25m,C,1968,female
SH0003351,emerging_affluent,Ha Noi,10m_to_25m,C,2003,female
SH0003352,mass,Long An,10m_to_25m,D,2004,female
SH0003353,mass,Ha Noi,under_10m,E,2002,male
SH0003354,mass,Ho Chi Minh City,10m_to_25m,A,1973,male
SH0003355,mass,Ho Chi Minh City,under_10m,E,1982,male
SH0003356,emerging_affluent,Long An,over_25m,D,1985,male
SH0003357,mass,Thanh Hoa,under_10m,B,1986,male
SH0003358,mass,Hai Phong,under_10m,A,1988,female
SH0003359,emerging_affluent,Thanh Hoa,10m_to_25m,C,1983,male
SH0003360,emerging_affluent,Ha Noi,10m_to_25m,D,1974,male
SH0003361,mass,Dong Nai,10m_to_25m,D,1980,male
SH0003362,mass,Can Tho,10m_to_25m,B,1998,male
SH0003363,emerging_affluent,Dong Nai,under_10m,C,1965,male
SH0003364,emerging_affluent,Da Nang,10m_to_25m,C,1971,female
SH0003365,mass,Binh Duong,10m_to_25m,D,1969,male
SH0003366,emerging_affluent,Can Tho,10m_to_25m,C,1968,female
SH0003367,emerging_affluent,Ha Noi,10m_to_25m,E,1981,female
SH0003368,mass,Ha Noi,under_10m,E,1995,male
SH0003369,mass,Da Nang,under_10m,C,1981,male
SH0003370,emerging_affluent,Da Nang,under_10m,D,1967,male
SH0003371,emerging_affluent,Ho Chi Minh City,10m_to_25m,B,1977,female
SH0003372,emerging_affluent,Thanh Hoa,10m_to_25m,D,1965,female
SH0003373,mass,Ha Noi,10m_to_25m,C,1998,male
SH0003374,mass,Ho Chi Minh City,10m_to_25m,D,1989,female
SH0003375,emerging_affluent,Ho Chi Minh City,under_10m,D,1977,female
SH0003376,mass,Ho Chi Minh City,10m_to_25m,C,2001,male
SH0003377,emerging_affluent,Long An,10m_to_25m,C,1984,female
SH0003378,mass,Long An,10m_to_25m,A,1989,female
SH0003379,emerging_affluent,Ho Chi Minh City,under_10m,E,1974,male
SH0003380,mass,Ho Chi Minh City,under_10m,A,1971,male
SH0003381,mass,Ho Chi Minh City,under_10m,A,1977,male
SH0003382,mass,Ho Chi Minh City,under_10m,C,1981,female
SH0003383,mass,Ho Chi Minh City,10m_to_25m,A,1971,female
SH0003384,emerging_affluent,Thanh Hoa,over_25m,C,1976,female
SH0003385,mass,Thanh Hoa,under_10m,A,2001,male
SH0003386,emerging_affluent,Khanh Hoa,under_10m,D,1973,male
SH0003387,mass,Long An,under_10m,B,1981,male
SH0003388,mass,Binh Duong,10m_to_25m,D,1970,male
SH0003389,emerging_affluent,Long An,10m_to_25m,C,1997,female
SH0003390,mass,Ha Noi,10m_to_25m,B,1969,female
SH0003391,emerging_affluent,Binh Duong,under_10m,B,1978,male
SH0003392,emerging_affluent,Long An,under_10m,D,1989,female
SH0003393,mass,Dong Nai,10m_to_25m,C,1967,female
SH0003394,mass,Da Nang,under_10m,C,2000,male
SH0003395,mass,Dong Nai,over_25m,C,1989,male
SH0003396,emerging_affluent,Dong Nai,under_10m,C,2000,male
SH0003397,emerging_affluent,Nghe An,10m_to_25m,A,1991,male
SH0003398,mass,Khanh Hoa,under_10m,D,2004,female
SH0003399,mass,Ha Noi,10m_to_25m,C,1976,female
SH0003400,mass,Hai Phong,10m_to_25m,C,1999,male
SH0003401,emerging_affluent,Binh Duong,under_10m,B,1993,female
SH0003402,mass,Hai Phong,over_25m,D,1983,male
SH0003403,mass,Binh Duong,10m_to_25m,D,1966,male
SH0003404,mass,Ha Noi,under_10m,E,1979,female
SH0003405,mass,Thanh Hoa,10m_to_25m,D,1999,female
SH0003406,mass,Dong Nai,over_25m,B,1972,female
SH0003407,mass,Nghe An,under_10m,C,2002,male
SH0003408,emerging_affluent,Ho Chi Minh City,under_10m,C,1975,female
SH0003409,mass,Hai Phong,under_10m,B,2002,male
SH0003410,emerging_affluent,Ho Chi Minh City,over_25m,A,2002,male
SH0003411,mass,Can Tho,under_10m,B,1984,male
SH0003412,emerging_affluent,Ha Noi,under_10m,C,1965,female
SH0003413,mass,Ho Chi Minh City,over_25m,C,2001,female
SH0003414,mass,Ho Chi Minh City,10m_to_25m,C,2004,male
SH0003415,mass,Ho Chi Minh City,10m_to_25m,E,1965,female
SH0003416,mass,Ho Chi Minh City,under_10m,C,1990,male
SH0003417,mass,Khanh Hoa,over_25m,C,2000,male
SH0003418,emerging_affluent,Ha Noi,under_10m,C,1974,female
SH0003419,mass,Ho Chi Minh City,under_10m,C,1973,male
SH0003420,emerging_affluent,Hai Phong,under_10m,D,2002,female
SH0003421,emerging_affluent,Long An,under_10m,C,1996,female
SH0003422,mass,Bac Ninh,10m_to_25m,D,1969,male
SH0003423,mass,Da Nang,under_10m,C,1999,female
SH0003424,mass,Khanh Hoa,under_10m,D,1991,female
SH0003425,mass,Can Tho,10m_to_25m,A,1986,male
SH0003426,mass,Ha Noi,10m_to_25m,C,2003,male
SH0003427,mass,Ho Chi Minh City,over_25m,D,1977,male
SH0003428,mass,Ha Noi,10m_to_25m,C,1985,female
SH0003429,mass,Binh Duong,over_25m,B,1985,female
SH0003430,mass,Nghe An,over_25m,D,1976,female
SH0003431,mass,Ho Chi Minh City,under_10m,B,1970,female
SH0003432,emerging_affluent,Ho Chi Minh City,10m_to_25m,A,1977,female
SH0003433,mass,Ho Chi Minh City,10m_to_25m,B,1967,male
SH0003434,mass,Long An,under_10m,D,1986,female
SH0003435,emerging_affluent,Ho Chi Minh City,under_10m,C,1993,male
SH0003436,emerging_affluent,Ha Noi,under_10m,D,1989,female
SH0003437,mass,Can Tho,under_10m,B,1988,female
SH0003438,emerging_affluent,Nghe An,under_10m,B,1980,male
SH0003439,mass,Da Nang,over_25m,D,1968,male
SH0003440,mass,Ha Noi,10m_to_25m,A,2004,male
SH0003441,emerging_affluent,Thanh Hoa,under_10m,B,1968,male
SH0003442,mass,Binh Duong,10m_to_25m,C,1973,female
SH0003443,emerging_affluent,Binh Duong,10m_to_25m,C,1989,female
SH0003444,mass,Binh Duong,over_25m,C,1997,male
SH0003445,mass,Ho Chi Minh City,10m_to_25m,C,1988,female
SH0003446,emerging_affluent,Dong Nai,over_25m,C,1979,female
SH0003447,emerging_affluent,Ha Noi,under_10m,A,1992,female
SH0003448,mass,Ha Noi,under_10m,D,1989,male
SH0003449,emerging_affluent,Binh Duong,10m_to_25m,C,2004,male
SH0003450,mass,Binh Duong,under_10m,B,1973,female
SH0003451,emerging_affluent,Ha Noi,under_10m,D,1971,male
SH0003452,mass,Hai Phong,under_10m,D,2004,male
SH0003453,mass,Ha Noi,under_10m,C,1979,male
SH0003454,emerging_affluent,Khanh Hoa,under_10m,D,1965,male
SH0003455,mass,Binh Duong,under_10m,E,1991,female
SH0003456,mass,Ha Noi,10m_to_25m,E,1999,female
SH0003457,mass,Ha Noi,10m_to_25m,C,1992,male
SH0003458,mass,Ha Noi,10m_to_25m,B,1965,male
SH0003459,mass,Ho Chi Minh City,10m_to_25m,C,2000,female
SH0003460,mass,Nghe An,under_10m,A,1988,female
SH0003461,mass,Can Tho,10m_to_25m,E,1996,female
SH0003462,mass,Ha Noi,10m_to_25m,D,1999,female
SH0003463,mass,Ha Noi,under_10m,D,1994,male
SH0003464,mass,Ha Noi,10m_to_25m,C,1996,male
SH0003465,mass,Da Nang,10m_to_25m,C,1993,male
SH0003466,mass,Ho Chi Minh City,under_10m,D,1970,male
SH0003467,mass,Dong Nai,10m_to_25m,D,1980,female
SH0003468,mass,Nghe An,over_25m,E,1998,female
SH0003469,mass,Ho Chi Minh City,10m_to_25m,A,1965,female
SH0003470,mass,Can Tho,10m_to_25m,B,1965,female
SH0003471,mass,Ho Chi Minh City,under_10m,C,1989,female
SH0003472,mass,Nghe An,10m_to_25m,B,1967,male
SH0003473,mass,Da Nang,under_10m,A,1984,male
SH0003474,mass,Hai Phong,under_10m,B,1983,female
SH0003475,mass,Hai Phong,under_10m,C,1999,male
SH0003476,mass,Long An,under_10m,C,2005,male
SH0003477,mass,Bac Ninh,under_10m,E,1977,male
SH0003478,emerging_affluent,Ho Chi Minh City,under_10m,B,1990,male
SH0003479,emerging_affluent,Thanh Hoa,10m_to_25m,C,1981,female
SH0003480,emerging_affluent,Dong Nai,10m_to_25m,A,1998,female
SH0003481,mass,Khanh Hoa,10m_to_25m,C,2003,male
SH0003482,emerging_affluent,Nghe An,under_10m,B,1995,male
SH0003483,mass,Long An,over_25m,D,1970,female
SH0003484,mass,Long An,10m_to_25m,C,1977,female
SH0003485,mass,Ha Noi,10m_to_25m,D,1969,male
SH0003486,mass,Hai Phong,10m_to_25m,D,2004,male
SH0003487,mass,Ha Noi,10m_to_25m,B,2001,female
SH0003488,mass,Ha Noi,10m_to_25m,B,1980,male
SH0003489,emerging_affluent,Dong Nai,10m_to_25m,C,1992,female
SH0003490,mass,Khanh Hoa,under_10m,D,1985,female
SH0003491,mass,Long An,10m_to_25m,C,1970,female
SH0003492,mass,Thanh Hoa,10m_to_25m,C,1971,female
SH0003493,mass,Ho Chi Minh City,over_25m,D,1998,male
SH0003494,mass,Dong Nai,10m_to_25m,D,1980,female
SH0003495,mass,Thanh Hoa,under_10m,A,2005,female
SH0003496,mass,Can Tho,10m_to_25m,A,1983,male
SH0003497,mass,Long An,10m_to_25m,C,1969,female
SH0003498,mass,Nghe An,10m_to_25m,B,2003,male
SH0003499,emerging_affluent,Nghe An,10m_to_25m,D,1994,male
SH0003500,mass,Ha Noi,10m_to_25m,D,1965,male
SH0003501,mass,Da Nang,under_10m,B,1975,female
SH0003502,mass,Ho Chi Minh City,over_25m,B,1986,female
SH0003503,mass,Nghe An,under_10m,E,1991,male
SH0003504,mass,Bac Ninh,under_10m,A,1991,male
SH0003505,mass,Thanh Hoa,under_10m,A,1974,female
SH0003506,mass,Hai Phong,10m_to_25m,C,2004,female
SH0003507,emerging_affluent,Ho Chi Minh City,10m_to_25m,C,1974,female
SH0003508,mass,Ho Chi Minh City,over_25m,C,1975,male
SH0003509,mass,Ha Noi,10m_to_25m,C,1976,male
SH0003510,emerging_affluent,Nghe An,over_25m,E,1993,female
SH0003511,mass,Ho Chi Minh City,10m_to_25m,C,1973,female
SH0003512,emerging_affluent,Da Nang,10m_to_25m,C,1980,male
SH0003513,mass,Nghe An,under_10m,B,1971,female
SH0003514,mass,Hai Phong,over_25m,A,1966,female
SH0003515,emerging_affluent,Ho Chi Minh City,10m_to_25m,C,1973,male
SH0003516,emerging_affluent,Thanh Hoa,under_10m,D,2003,female
SH0003517,mass,Khanh Hoa,10m_to_25m,C,1995,male
SH0003518,mass,Nghe An,10m_to_25m,A,1985,female
SH0003519,mass,Can Tho,10m_to_25m,B,1974,male
SH0003520,mass,Ha Noi,under_10m,D,1974,female
SH0003521,mass,Thanh Hoa,under_10m,A,2004,female
SH0003522,emerging_affluent,Ha Noi,over_25m,C,1976,female
SH0003523,mass,Hai Phong,under_10m,C,1995,male
SH0003524,mass,Can Tho,10m_to_25m,A,2003,female
SH0003525,mass,Thanh Hoa,over_25m,C,1995,female
SH0003526,mass,Ho Chi Minh City,under_10m,B,1981,male
SH0003527,mass,Long An,under_10m,A,1981,male
SH0003528,mass,Nghe An,over_25m,D,1999,female
SH0003529,emerging_affluent,Dong Nai,under_10m,C,1999,female
SH0003530,mass,Nghe An,under_10m,C,1981,male
SH0003531,mass,Da Nang,under_10m,D,1984,male
SH0003532,emerging_affluent,Nghe An,over_25m,C,1981,male
SH0003533,mass,Thanh Hoa,over_25m,B,1990,male
SH0003534,mass,Bac Ninh,over_25m,D,1988,female
SH0003535,mass,Binh Duong,under_10m,B,1973,female
SH0003536,mass,Can Tho,10m_to_25m,B,1968,male
SH0003537,emerging_affluent,Binh Duong,under_10m,D,2005,female
SH0003538,emerging_affluent,Binh Duong,under_10m,E,2000,female
SH0003539,emerging_affluent,Ho Chi Minh City,10m_to_25m,A,1968,male
SH0003540,mass,Binh Duong,over_25m,C,1968,male
SH0003541,mass,Binh Duong,under_10m,B,1996,male
SH0003542,mass,Nghe An,under_10m,C,1991,female
SH0003543,emerging_affluent,Ha Noi,under_10m,D,2005,male
SH0003544,mass,Long An,over_25m,C,1977,female
SH0003545,emerging_affluent,Ha Noi,10m_to_25m,A,1977,male
SH0003546,emerging_affluent,Ha Noi,over_25m,A,1992,female
SH0003547,mass,Binh Duong,10m_to_25m,C,2003,female
SH0003548,mass,Dong Nai,under_10m,C,1979,female
SH0003549,mass,Ha Noi,under_10m,E,1975,female
SH0003550,emerging_affluent,Ho Chi Minh City,under_10m,C,1998,female
SH0003551,mass,Binh Duong,10m_to_25m,C,1972,male
SH0003552,mass,Dong Nai,10m_to_25m,E,2001,female
SH0003553,mass,Binh Duong,10m_to_25m,A,1976,male
SH0003554,mass,Thanh Hoa,under_10m,D,1983,female
SH0003555,mass,Thanh Hoa,10m_to_25m,A,1988,male
SH0003556,mass,Ha Noi,under_10m,A,2003,female
SH0003557,mass,Khanh Hoa,10m_to_25m,A,1966,male
SH0003558,mass,Ho Chi Minh City,over_25m,B,1965,female
SH0003559,emerging_affluent,Thanh Hoa,over_25m,C,2005,female
SH0003560,emerging_affluent,Ha Noi,10m_to_25m,A,1996,male
SH0003561,mass,Ho Chi Minh City,under_10m,B,1981,male
SH0003562,mass,Ha Noi,under_10m,C,1979,male
SH0003563,mass,Bac Ninh,10m_to_25m,D,1977,male
SH0003564,mass,Ho Chi Minh City,10m_to_25m,C,1994,female
SH0003565,mass,Hai Phong,10m_to_25m,E,1988,male
SH0003566,mass,Ha Noi,under_10m,D,1965,male
SH0003567,mass,Ha Noi,over_25m,C,1978,male
SH0003568,mass,Dong Nai,10m_to_25m,D,1978,male
SH0003569,mass,Ho Chi Minh City,over_25m,B,1967,male
SH0003570,emerging_affluent,Thanh Hoa,10m_to_25m,B,1981,female
SH0003571,emerging_affluent,Long An,under_10m,C,1993,male
SH0003572,mass,Dong Nai,under_10m,A,1992,female
SH0003573,mass,Khanh Hoa,under_10m,C,1977,female
SH0003574,emerging_affluent,Dong Nai,10m_to_25m,C,2000,female
SH0003575,mass,Ho Chi Minh City,under_10m,D,1979,female
SH0003576,mass,Hai Phong,under_10m,E,1987,male
SH0003577,mass,Long An,under_10m,D,1966,female
SH0003578,mass,Dong Nai,10m_to_25m,C,1973,female
SH0003579,emerging_affluent,Ho Chi Minh City,10m_to_25m,B,1971,female
SH0003580,mass,Ho Chi Minh City,under_10m,B,2000,male
SH0003581,mass,Thanh Hoa,10m_to_25m,D,2003,male
SH0003582,mass,Dong Nai,under_10m,C,2000,male
SH0003583,mass,Long An,under_10m,C,1991,female
SH0003584,mass,Thanh Hoa,10m_to_25m,C,1983,male
SH0003585,mass,Dong Nai,under_10m,D,1974,male
SH0003586,mass,Bac Ninh,10m_to_25m,D,1983,male
SH0003587,mass,Hai Phong,10m_to_25m,B,1974,female
SH0003588,mass,Da Nang,under_10m,B,1984,female
SH0003589,mass,Binh Duong,over_25m,B,1989,male
SH0003590,emerging_affluent,Ho Chi Minh City,under_10m,B,1987,male
SH0003591,mass,Hai Phong,under_10m,D,1991,male
SH0003592,mass,Da Nang,over_25m,C,1972,female
SH0003593,mass,Ho Chi Minh City,10m_to_25m,D,1975,female
SH0003594,emerging_affluent,Khanh Hoa,under_10m,D,1982,male
SH0003595,mass,Ho Chi Minh City,under_10m,A,1996,female
SH0003596,mass,Khanh Hoa,under_10m,B,1982,male
SH0003597,emerging_affluent,Ha Noi,10m_to_25m,B,1972,female
SH0003598,mass,Ho Chi Minh City,under_10m,D,1999,female
SH0003599,mass,Da Nang,over_25m,A,1970,male
SH0003600,mass,Ha Noi,under_10m,C,2005,male
SH0003601,mass,Hai Phong,10m_to_25m,A,1989,female
SH0003602,mass,Ha Noi,under_10m,C,1994,male
SH0003603,mass,Nghe An,10m_to_25m,B,1990,female
SH0003604,emerging_affluent,Ho Chi Minh City,over_25m,E,1986,male
SH0003605,mass,Ho Chi Minh City,10m_to_25m,E,1998,male
SH0003606,emerging_affluent,Ho Chi Minh City,10m_to_25m,E,2005,female
SH0003607,emerging_affluent,Ho Chi Minh City,over_25m,C,1998,male
SH0003608,mass,Ha Noi,over_25m,E,1966,female
SH0003609,emerging_affluent,Thanh Hoa,10m_to_25m,D,1979,female
SH0003610,emerging_affluent,Thanh Hoa,under_10m,D,1990,male
SH0003611,emerging_affluent,Ha Noi,over_25m,B,1994,male
SH0003612,emerging_affluent,Da Nang,over_25m,D,1998,male
SH0003613,emerging_affluent,Can Tho,10m_to_25m,C,1973,male
SH0003614,mass,Khanh Hoa,under_10m,D,2000,female
SH0003615,mass,Dong Nai,under_10m,B,1970,male
SH0003616,mass,Da Nang,under_10m,B,1996,female
SH0003617,mass,Ho Chi Minh City,10m_to_25m,D,1970,male
SH0003618,emerging_affluent,Hai Phong,10m_to_25m,C,1990,male
SH0003619,mass,Ha Noi,over_25m,B,1978,female
SH0003620,mass,Khanh Hoa,under_10m,E,1984,male
SH0003621,mass,Ha Noi,10m_to_25m,B,1982,male
SH0003622,emerging_affluent,Ha Noi,under_10m,E,1993,male
SH0003623,mass,Nghe An,under_10m,C,1999,male
SH0003624,mass,Long An,over_25m,E,1975,female
SH0003625,emerging_affluent,Ho Chi Minh City,over_25m,C,1970,male
SH0003626,mass,Ho Chi Minh City,over_25m,C,2005,male
SH0003627,mass,Ho Chi Minh City,10m_to_25m,A,1966,male
SH0003628,emerging_affluent,Can Tho,10m_to_25m,C,1969,female
SH0003629,mass,Binh Duong,under_10m,A,2004,female
SH0003630,mass,Nghe An,over_25m,E,2002,male
SH0003631,mass,Thanh Hoa,10m_to_25m,B,1992,male
SH0003632,emerging_affluent,Bac Ninh,10m_to_25m,B,1994,male
SH0003633,mass,Thanh Hoa,under_10m,B,1978,female
SH0003634,mass,Khanh Hoa,10m_to_25m,C,1982,female
SH0003635,mass,Hai Phong,10m_to_25m,A,1988,female
SH0003636,emerging_affluent,Ha Noi,10m_to_25m,C,1998,female
SH0003637,emerging_affluent,Da Nang,over_25m,A,1970,male
SH0003638,mass,Dong Nai,10m_to_25m,C,1974,female
SH0003639,emerging_affluent,Ho Chi Minh City,under_10m,C,1983,male
SH0003640,mass,Ho Chi Minh City,under_10m,D,1965,female
SH0003641,mass,Can Tho,under_10m,D,2000,female
SH0003642,mass,Ho Chi Minh City,10m_to_25m,B,2000,male
SH0003643,mass,Can Tho,10m_to_25m,C,1995,male
SH0003644,mass,Ho Chi Minh City,under_10m,D,1978,male
SH0003645,mass,Bac Ninh,10m_to_25m,D,1969,female
SH0003646,mass,Ho Chi Minh City,under_10m,C,1974,female
SH0003647,mass,Ho Chi Minh City,over_25m,E,1999,male
SH0003648,emerging_affluent,Long An,under_10m,A,2000,male
SH0003649,mass,Long An,10m_to_25m,C,1990,male
SH0003650,emerging_affluent,Ho Chi Minh City,under_10m,B,1990,male
SH0003651,mass,Dong Nai,under_10m,A,1974,male
SH0003652,mass,Thanh Hoa,under_10m,E,1980,female
SH0003653,mass,Bac Ninh,under_10m,D,1971,male
SH0003654,mass,Thanh Hoa,under_10m,A,1971,female
SH0003655,mass,Ha Noi,under_10m,E,1969,male
SH0003656,mass,Can Tho,10m_to_25m,C,1991,female
SH0003657,emerging_affluent,Nghe An,under_10m,C,1965,female
SH0003658,mass,Hai Phong,under_10m,A,2000,male
SH0003659,mass,Ha Noi,over_25m,C,2000,female
SH0003660,mass,Thanh Hoa,10m_to_25m,A,1987,male
SH0003661,emerging_affluent,Ha Noi,under_10m,D,1992,male
SH0003662,mass,Ho Chi Minh City,10m_to_25m,C,2004,male
SH0003663,emerging_affluent,Ha Noi,under_10m,D,1988,male
SH0003664,mass,Long An,over_25m,C,1974,male
SH0003665,emerging_affluent,Long An,10m_to_25m,B,1999,male
SH0003666,emerging_affluent,Ha Noi,under_10m,A,1966,male
SH0003667,emerging_affluent,Hai Phong,under_10m,B,1985,female
SH0003668,mass,Khanh Hoa,over_25m,C,1968,male
SH0003669,mass,Nghe An,10m_to_25m,B,2002,male
SH0003670,emerging_affluent,Ha Noi,over_25m,D,1975,male
SH0003671,mass,Bac Ninh,10m_to_25m,C,1969,male
SH0003672,mass,Can Tho,10m_to_25m,C,1973,female
SH0003673,mass,Da Nang,10m_to_25m,B,1967,male
SH0003674,emerging_affluent,Binh Duong,10m_to_25m,D,1971,female
SH0003675,mass,Long An,over_25m,C,1975,female
SH0003676,emerging_affluent,Da Nang,under_10m,E,1994,female
SH0003677,mass,Long An,10m_to_25m,C,2003,male
SH0003678,emerging_affluent,Nghe An,10m_to_25m,D,1970,male
SH0003679,emerging_affluent,Nghe An,10m_to_25m,C,1969,male
SH0003680,mass,Dong Nai,over_25m,D,1966,female
SH0003681,mass,Thanh Hoa,10m_to_25m,D,1971,female
SH0003682,mass,Ho Chi Minh City,under_10m,C,1999,male
SH0003683,mass,Binh Duong,under_10m,B,1977,female
SH0003684,mass,Thanh Hoa,over_25m,D,1971,male
SH0003685,mass,Ho Chi Minh City,over_25m,A,1999,male
SH0003686,mass,Ha Noi,10m_to_25m,D,1970,male
SH0003687,mass,Ho Chi Minh City,under_10m,B,1996,female
SH0003688,mass,Binh Duong,10m_to_25m,C,1993,male
SH0003689,emerging_affluent,Long An,10m_to_25m,D,1978,female
SH0003690,mass,Can Tho,under_10m,A,1994,male
SH0003691,emerging_affluent,Ha Noi,over_25m,B,1977,male
SH0003692,mass,Bac Ninh,over_25m,D,1990,female
SH0003693,emerging_affluent,Ha Noi,under_10m,A,1975,female
SH0003694,mass,Dong Nai,over_25m,C,2003,female
SH0003695,mass,Da Nang,under_10m,D,1986,female
SH0003696,emerging_affluent,Thanh Hoa,10m_to_25m,B,1986,female
SH0003697,mass,Can Tho,under_10m,C,1998,male
SH0003698,mass,Ho Chi Minh City,10m_to_25m,B,2004,female
SH0003699,emerging_affluent,Ha Noi,over_25m,B,1980,male
SH0003700,mass,Nghe An,over_25m,B,1970,male
SH0003701,mass,Nghe An,under_10m,A,1985,female
SH0003702,emerging_affluent,Ho Chi Minh City,under_10m,D,2002,male
SH0003703,mass,Ha Noi,under_10m,D,2002,male
SH0003704,emerging_affluent,Ho Chi Minh City,under_10m,C,1976,male
SH0003705,mass,Ho Chi Minh City,under_10m,D,1983,male
SH0003706,mass,Thanh Hoa,10m_to_25m,D,2000,male
SH0003707,emerging_affluent,Can Tho,over_25m,A,1985,female
SH0003708,mass,Can Tho,10m_to_25m,B,1988,female
SH0003709,mass,Long An,over_25m,B,2005,male
SH0003710,mass,Ha Noi,under_10m,B,1988,male
SH0003711,mass,Long An,10m_to_25m,C,1988,female
SH0003712,mass,Ho Chi Minh City,over_25m,B,2003,female
SH0003713,mass,Da Nang,over_25m,C,2002,female
SH0003714,mass,Khanh Hoa,10m_to_25m,C,2002,female
SH0003715,mass,Da Nang,under_10m,D,1990,female
SH0003716,mass,Long An,10m_to_25m,D,1969,female
SH0003717,emerging_affluent,Ho Chi Minh City,10m_to_25m,C,1965,male
SH0003718,mass,Ha Noi,under_10m,B,1971,female
SH0003719,mass,Ho Chi Minh City,under_10m,C,1998,male
SH0003720,emerging_affluent,Binh Duong,10m_to_25m,D,1988,female
SH0003721,mass,Hai Phong,under_10m,A,1988,female
SH0003722,mass,Thanh Hoa,over_25m,A,1987,female
SH0003723,emerging_affluent,Thanh Hoa,10m_to_25m,D,1977,female
SH0003724,mass,Bac Ninh,10m_to_25m,C,1993,male
SH0003725,emerging_affluent,Ha Noi,over_25m,E,1980,female
SH0003726,mass,Dong Nai,under_10m,C,1980,male
SH0003727,emerging_affluent,Nghe An,over_25m,D,1975,female
SH0003728,emerging_affluent,Ho Chi Minh City,under_10m,B,1965,female
SH0003729,mass,Khanh Hoa,10m_to_25m,D,1995,male
SH0003730,mass,Ho Chi Minh City,10m_to_25m,B,2001,female
SH0003731,emerging_affluent,Ho Chi Minh City,over_25m,C,1971,female
SH0003732,mass,Ha Noi,under_10m,C,2003,female
SH0003733,mass,Binh Duong,over_25m,C,1965,male
SH0003734,mass,Dong Nai,under_10m,C,1979,female
SH0003735,mass,Bac Ninh,under_10m,C,1986,male
SH0003736,mass,Nghe An,10m_to_25m,C,1971,male
SH0003737,mass,Khanh Hoa,10m_to_25m,C,2005,male
SH0003738,mass,Ha Noi,under_10m,D,1991,female
SH0003739,emerging_affluent,Ho Chi Minh City,10m_to_25m,E,2005,female
SH0003740,mass,Ha Noi,10m_to_25m,C,1978,female
SH0003741,mass,Nghe An,10m_to_25m,C,1968,male
SH0003742,mass,Ho Chi Minh City,under_10m,C,1982,male
SH0003743,mass,Binh Duong,10m_to_25m,B,1970,male
SH0003744,mass,Binh Duong,under_10m,C,1980,male
SH0003745,mass,Can Tho,10m_to_25m,D,2005,female
SH0003746,mass,Hai Phong,10m_to_25m,E,2002,male
SH0003747,mass,Bac Ninh,10m_to_25m,B,1985,female
SH0003748,mass,Da Nang,over_25m,B,1970,male
SH0003749,mass,Ho Chi Minh City,over_25m,D,1974,male
SH0003750,mass,Ho Chi Minh City,10m_to_25m,C,1992,female
SH0003751,emerging_affluent,Ha Noi,10m_to_25m,E,1968,female
SH0003752,mass,Can Tho,over_25m,B,1994,female
SH0003753,mass,Ho Chi Minh City,10m_to_25m,D,1969,male
SH0003754,mass,Bac Ninh,10m_to_25m,A,1976,female
SH0003755,mass,Hai Phong,under_10m,C,1986,female
SH0003756,mass,Bac Ninh,10m_to_25m,D,1979,male
SH0003757,mass,Ha Noi,under_10m,C,1992,female
SH0003758,emerging_affluent,Dong Nai,over_25m,E,1995,male
SH0003759,mass,Khanh Hoa,over_25m,A,1993,female
SH0003760,emerging_affluent,Khanh Hoa,10m_to_25m,C,2001,male
SH0003761,mass,Da Nang,10m_to_25m,A,1995,female
SH0003762,mass,Can Tho,10m_to_25m,C,2000,female
SH0003763,emerging_affluent,Ho Chi Minh City,10m_to_25m,C,1977,female
SH0003764,emerging_affluent,Can Tho,10m_to_25m,E,2000,female
SH0003765,mass,Bac Ninh,10m_to_25m,C,1990,female
SH0003766,mass,Binh Duong,over_25m,C,1965,male
SH0003767,mass,Thanh Hoa,under_10m,D,1996,female
SH0003768,mass,Ha Noi,10m_to_25m,B,1979,male
SH0003769,mass,Nghe An,under_10m,E,1991,male
SH0003770,mass,Hai Phong,10m_to_25m,D,1992,male
SH0003771,mass,Dong Nai,10m_to_25m,B,1992,male
SH0003772,mass,Hai Phong,under_10m,B,1979,female
SH0003773,mass,Ha Noi,10m_to_25m,C,1972,female
SH0003774,mass,Ha Noi,10m_to_25m,B,1993,female
SH0003775,mass,Hai Phong,under_10m,D,1975,male
SH0003776,mass,Dong Nai,over_25m,D,1965,male
SH0003777,mass,Ha Noi,under_10m,D,1997,female
SH0003778,emerging_affluent,Bac Ninh,10m_to_25m,D,1989,male
SH0003779,mass,Binh Duong,over_25m,C,1992,female
SH0003780,mass,Long An,under_10m,E,1989,male
SH0003781,emerging_affluent,Binh Duong,10m_to_25m,A,1988,male
SH0003782,mass,Can Tho,10m_to_25m,B,1974,male
SH0003783,emerging_affluent,Bac Ninh,under_10m,E,2003,female
SH0003784,mass,Long An,under_10m,C,2004,female
SH0003785,mass,Ha Noi,over_25m,D,1978,female
SH0003786,emerging_affluent,Bac Ninh,10m_to_25m,B,1974,female
SH0003787,mass,Hai Phong,10m_to_25m,D,1984,female
SH0003788,mass,Can Tho,under_10m,B,1996,male
SH0003789,emerging_affluent,Ha Noi,10m_to_25m,D,1994,female
SH0003790,mass,Bac Ninh,under_10m,C,1982,male
SH0003791,mass,Long An,under_10m,B,1992,male
SH0003792,mass,Can Tho,10m_to_25m,C,1969,female
SH0003793,mass,Ho Chi Minh City,under_10m,B,1973,male
SH0003794,mass,Ha Noi,under_10m,B,2003,male
SH0003795,emerging_affluent,Ho Chi Minh City,under_10m,B,1976,male
SH0003796,mass,Ho Chi Minh City,under_10m,D,1986,female
SH0003797,mass,Bac Ninh,under_10m,D,1973,female
SH0003798,mass,Da Nang,10m_to_25m,B,2005,male
SH0003799,mass,Da Nang,under_10m,D,1989,male
SH0003800,mass,Hai Phong,10m_to_25m,C,1984,male
SH0003801,mass,Khanh Hoa,10m_to_25m,B,1985,male
SH0003802,emerging_affluent,Da Nang,under_10m,C,1972,male
SH0003803,emerging_affluent,Da Nang,under_10m,C,1984,female
SH0003804,mass,Ha Noi,under_10m,C,1991,male
SH0003805,mass,Khanh Hoa,over_25m,C,1980,male
SH0003806,mass,Khanh Hoa,10m_to_25m,D,1981,female
SH0003807,mass,Khanh Hoa,under_10m,E,1984,female
SH0003808,emerging_affluent,Ha Noi,10m_to_25m,E,1992,female
SH0003809,mass,Hai Phong,10m_to_25m,B,1987,male
SH0003810,emerging_affluent,Da Nang,over_25m,A,2002,male
SH0003811,mass,Can Tho,under_10m,D,1968,male
SH0003812,mass,Ha Noi,under_10m,D,1977,female
SH0003813,mass,Bac Ninh,under_10m,E,1982,male
SH0003814,mass,Hai Phong,over_25m,D,1993,male
SH0003815,emerging_affluent,Can Tho,over_25m,D,1984,female
SH0003816,mass,Nghe An,10m_to_25m,D,1999,male
SH0003817,mass,Nghe An,over_25m,B,1969,male
SH0003818,mass,Ha Noi,over_25m,D,2004,female
SH0003819,emerging_affluent,Ho Chi Minh City,10m_to_25m,D,1979,female
SH0003820,mass,Ha Noi,over_25m,C,2003,female
SH0003821,emerging_affluent,Can Tho,under_10m,D,2002,male
SH0003822,emerging_affluent,Can Tho,under_10m,B,1981,female
SH0003823,mass,Thanh Hoa,10m_to_25m,C,1970,female
SH0003824,emerging_affluent,Thanh Hoa,10m_to_25m,E,2001,female
SH0003825,mass,Ho Chi Minh City,under_10m,C,1996,male
SH0003826,mass,Ha Noi,10m_to_25m,C,1998,female
SH0003827,emerging_affluent,Ho Chi Minh City,under_10m,C,1996,female
SH0003828,mass,Ho Chi Minh City,under_10m,D,1978,female
SH0003829,emerging_affluent,Ha Noi,under_10m,D,1979,male
SH0003830,mass,Da Nang,10m_to_25m,C,2001,male
SH0003831,mass,Thanh Hoa,under_10m,C,1965,male
SH0003832,emerging_affluent,Ha Noi,10m_to_25m,A,2005,male
SH0003833,emerging_affluent,Ha Noi,10m_to_25m,C,1969,female
SH0003834,emerging_affluent,Ha Noi,10m_to_25m,B,2003,female
SH0003835,mass,Ha Noi,over_25m,E,2005,male
SH0003836,mass,Khanh Hoa,under_10m,E,1976,male
SH0003837,mass,Nghe An,under_10m,B,1991,female
SH0003838,mass,Binh Duong,over_25m,C,1969,male
SH0003839,mass,Ha Noi,under_10m,C,1968,female
SH0003840,mass,Ha Noi,under_10m,B,1996,female
SH0003841,mass,Ho Chi Minh City,10m_to_25m,E,1976,male
SH0003842,mass,Nghe An,under_10m,A,1979,female
SH0003843,mass,Khanh Hoa,10m_to_25m,C,1978,female
SH0003844,mass,Binh Duong,over_25m,C,1999,female
SH0003845,emerging_affluent,Thanh Hoa,under_10m,A,1981,female
SH0003846,mass,Can Tho,10m_to_25m,E,1974,female
SH0003847,mass,Ha Noi,under_10m,E,1986,male
SH0003848,mass,Ha Noi,under_10m,C,1993,male
SH0003849,mass,Ho Chi Minh City,10m_to_25m,D,1982,male
SH0003850,emerging_affluent,Khanh Hoa,under_10m,D,1987,male
SH0003851,emerging_affluent,Dong Nai,under_10m,D,1970,male
SH0003852,emerging_affluent,Ha Noi,under_10m,C,1978,male
SH0003853,mass,Khanh Hoa,10m_to_25m,D,1999,female
SH0003854,mass,Ha Noi,under_10m,C,2003,male
SH0003855,mass,Can Tho,under_10m,A,1990,male
SH0003856,emerging_affluent,Thanh Hoa,10m_to_25m,B,1993,female
SH0003857,mass,Long An,under_10m,B,1967,male
SH0003858,emerging_affluent,Da Nang,under_10m,D,1985,female
SH0003859,mass,Hai Phong,under_10m,E,1967,male
SH0003860,mass,Ha Noi,under_10m,A,2003,male
SH0003861,mass,Ha Noi,under_10m,C,1974,female
SH0003862,mass,Ha Noi,under_10m,E,1968,male
SH0003863,mass,Da Nang,10m_to_25m,D,1972,male
SH0003864,mass,Bac Ninh,10m_to_25m,B,1995,female
SH0003865,mass,Binh Duong,under_10m,A,1981,male
SH0003866,mass,Ha Noi,10m_to_25m,C,1982,male
SH0003867,mass,Ha Noi,10m_to_25m,B,1985,male
SH0003868,mass,Ha Noi,over_25m,D,1979,male
SH0003869,mass,Dong Nai,under_10m,C,1999,male
SH0003870,mass,Nghe An,over_25m,B,1986,female
SH0003871,mass,Ho Chi Minh City,under_10m,C,1995,male
SH0003872,mass,Nghe An,under_10m,C,1980,female
SH0003873,mass,Nghe An,under_10m,A,1974,male
SH0003874,emerging_affluent,Hai Phong,10m_to_25m,B,1984,female
SH0003875,mass,Ho Chi Minh City,over_25m,D,2004,female
SH0003876,emerging_affluent,Ha Noi,10m_to_25m,B,2000,male
SH0003877,emerging_affluent,Binh Duong,under_10m,C,2003,male
SH0003878,emerging_affluent,Binh Duong,10m_to_25m,D,1998,female
SH0003879,mass,Nghe An,over_25m,E,1995,male
SH0003880,mass,Nghe An,10m_to_25m,D,1976,male
SH0003881,emerging_affluent,Khanh Hoa,10m_to_25m,D,1973,female
SH0003882,emerging_affluent,Hai Phong,under_10m,B,1976,male
SH0003883,mass,Bac Ninh,under_10m,A,1990,male
SH0003884,mass,Nghe An,under_10m,B,2001,female
SH0003885,mass,Dong Nai,over_25m,B,1991,male
SH0003886,emerging_affluent,Can Tho,10m_to_25m,C,1991,female
SH0003887,mass,Ha Noi,over_25m,B,1981,female
SH0003888,emerging_affluent,Hai Phong,10m_to_25m,B,1998,male
SH0003889,emerging_affluent,Ha Noi,10m_to_25m,D,1975,male
SH0003890,emerging_affluent,Ho Chi Minh City,under_10m,B,1979,male
SH0003891,mass,Ha Noi,over_25m,A,1968,female
SH0003892,mass,Khanh Hoa,10m_to_25m,A,1981,male
SH0003893,mass,Thanh Hoa,10m_to_25m,E,2004,male
SH0003894,mass,Thanh Hoa,over_25m,C,1970,female
SH0003895,emerging_affluent,Da Nang,over_25m,C,1981,male
SH0003896,mass,Dong Nai,10m_to_25m,A,1973,female
SH0003897,emerging_affluent,Nghe An,over_25m,B,1968,female
SH0003898,emerging_affluent,Dong Nai,10m_to_25m,B,1973,male
SH0003899,mass,Binh Duong,under_10m,D,1966,female
SH0003900,mass,Thanh Hoa,10m_to_25m,D,1989,female
SH0003901,mass,Ho Chi Minh City,10m_to_25m,E,1969,female
SH0003902,emerging_affluent,Nghe An,10m_to_25m,A,1996,male
SH0003903,emerging_affluent,Binh Duong,under_10m,B,1979,female
SH0003904,emerging_affluent,Thanh Hoa,under_10m,C,1971,female
SH0003905,mass,Khanh Hoa,under_10m,D,1974,female
SH0003906,mass,Binh Duong,10m_to_25m,D,1991,male
SH0003907,mass,Ho Chi Minh City,10m_to_25m,C,1989,male
SH0003908,mass,Binh Duong,10m_to_25m,E,1986,female
SH0003909,mass,Ha Noi,under_10m,D,1974,female
SH0003910,mass,Ha Noi,10m_to_25m,D,1987,male
SH0003911,mass,Ha Noi,10m_to_25m,D,1979,female
SH0003912,emerging_affluent,Bac Ninh,under_10m,C,1987,female
SH0003913,mass,Hai Phong,over_25m,D,1996,female
SH0003914,emerging_affluent,Bac Ninh,10m_to_25m,C,2001,male
SH0003915,mass,Dong Nai,over_25m,B,1996,male
SH0003916,mass,Ha Noi,under_10m,B,1972,male
SH0003917,emerging_affluent,Ho Chi Minh City,under_10m,A,1966,female
SH0003918,mass,Ho Chi Minh City,over_25m,C,1966,male
SH0003919,mass,Khanh Hoa,over_25m,B,1969,female
SH0003920,mass,Binh Duong,under_10m,C,1999,female
SH0003921,mass,Ha Noi,under_10m,D,1998,female
SH0003922,mass,Long An,10m_to_25m,D,1999,female
SH0003923,mass,Binh Duong,10m_to_25m,B,1996,male
SH0003924,mass,Hai Phong,under_10m,C,1970,female
SH0003925,mass,Can Tho,under_10m,C,1984,female
SH0003926,mass,Da Nang,under_10m,C,2003,male
SH0003927,mass,Hai Phong,10m_to_25m,C,1984,female
SH0003928,mass,Khanh Hoa,under_10m,D,1975,male
SH0003929,mass,Dong Nai,over_25m,C,1997,female
SH0003930,mass,Ho Chi Minh City,10m_to_25m,B,1984,male
SH0003931,mass,Ha Noi,10m_to_25m,B,1965,male
SH0003932,mass,Ha Noi,over_25m,E,1993,male
SH0003933,mass,Bac Ninh,under_10m,B,1999,female
SH0003934,mass,Binh Duong,under_10m,B,1980,male
SH0003935,mass,Dong Nai,10m_to_25m,B,2001,male
SH0003936,mass,Khanh Hoa,10m_to_25m,D,1988,male
SH0003937,emerging_affluent,Hai Phong,10m_to_25m,B,2000,female
SH0003938,mass,Ha Noi,under_10m,C,1979,female
SH0003939,emerging_affluent,Hai Phong,10m_to_25m,C,1983,female
SH0003940,mass,Ho Chi Minh City,10m_to_25m,B,1980,male
SH0003941,mass,Ho Chi Minh City,under_10m,B,1982,male
SH0003942,mass,Nghe An,under_10m,C,1992,male
SH0003943,emerging_affluent,Dong Nai,under_10m,E,1984,female
SH0003944,emerging_affluent,Thanh Hoa,10m_to_25m,B,1995,male
SH0003945,mass,Dong Nai,10m_to_25m,B,2000,male
SH0003946,mass,Dong Nai,under_10m,D,1990,female
SH0003947,mass,Nghe An,10m_to_25m,D,1972,male
SH0003948,emerging_affluent,Binh Duong,10m_to_25m,C,1991,male
SH0003949,mass,Khanh Hoa,under_10m,C,1984,male
SH0003950,mass,Khanh Hoa,under_10m,E,1980,male
SH0003951,emerging_affluent,Ho Chi Minh City,10m_to_25m,C,1999,female
SH0003952,emerging_affluent,Khanh Hoa,under_10m,D,1999,female
SH0003953,mass,Ha Noi,over_25m,C,1969,male
SH0003954,emerging_affluent,Ha Noi,10m_to_25m,E,1985,female
SH0003955,mass,Can Tho,over_25m,C,1990,female
SH0003956,mass,Ha Noi,over_25m,D,1998,male
SH0003957,mass,Long An,over_25m,B,1998,male
SH0003958,mass,Da Nang,under_10m,B,1983,female
SH0003959,mass,Can Tho,under_10m,B,2005,male
SH0003960,mass,Ho Chi Minh City,10m_to_25m,D,1972,male
SH0003961,mass,Da Nang,10m_to_25m,D,1983,female
SH0003962,mass,Ha Noi,10m_to_25m,E,1993,female
SH0003963,emerging_affluent,Thanh Hoa,under_10m,B,1996,male
SH0003964,mass,Nghe An,under_10m,C,1995,female
SH0003965,mass,Can Tho,10m_to_25m,B,1971,male
SH0003966,mass,Hai Phong,10m_to_25m,A,1987,female
SH0003967,emerging_affluent,Hai Phong,under_10m,D,1985,female
SH0003968,mass,Binh Duong,10m_to_25m,B,1968,male
SH0003969,mass,Ha Noi,under_10m,D,1972,male
SH0003970,emerging_affluent,Ho Chi Minh City,10m_to_25m,B,1997,male
SH0003971,emerging_affluent,Khanh Hoa,10m_to_25m,E,1988,female
SH0003972,mass,Thanh Hoa,10m_to_25m,D,1974,female
SH0003973,mass,Ha Noi,under_10m,D,1970,female
SH0003974,mass,Ha Noi,under_10m,D,1978,female
SH0003975,emerging_affluent,Ho Chi Minh City,10m_to_25m,D,1982,female
SH0003976,mass,Ho Chi Minh City,under_10m,D,1985,female
SH0003977,emerging_affluent,Ho Chi Minh City,over_25m,C,1985,male
SH0003978,emerging_affluent,Ha Noi,10m_to_25m,B,2003,female
SH0003979,mass,Can Tho,10m_to_25m,D,1995,female
SH0003980,emerging_affluent,Ho Chi Minh City,10m_to_25m,C,2000,female
SH0003981,mass,Ha Noi,under_10m,E,1998,male
SH0003982,emerging_affluent,Ha Noi,over_25m,D,1979,male
SH0003983,emerging_affluent,Ha Noi,under_10m,C,1995,male
SH0003984,mass,Binh Duong,under_10m,C,1966,female
SH0003985,mass,Long An,under_10m,C,2001,male
SH0003986,emerging_affluent,Ha Noi,under_10m,B,2004,female
SH0003987,mass,Binh Duong,under_10m,B,1986,female
SH0003988,mass,Khanh Hoa,10m_to_25m,D,1981,male
SH0003989,mass,Ho Chi Minh City,under_10m,A,1998,female
SH0003990,mass,Khanh Hoa,under_10m,C,2004,male
SH0003991,mass,Thanh Hoa,under_10m,D,2005,female
SH0003992,emerging_affluent,Ho Chi Minh City,under_10m,B,1999,female
SH0003993,mass,Khanh Hoa,10m_to_25m,B,1989,female
SH0003994,mass,Ha Noi,10m_to_25m,B,2005,female
SH0003995,mass,Ho Chi Minh City,under_10m,B,1982,female
SH0003996,emerging_affluent,Ho Chi Minh City,10m_to_25m,B,1997,male
SH0003997,mass,Ho Chi Minh City,under_10m,E,1974,male
SH0003998,mass,Ha Noi,under_10m,B,1971,female
SH0003999,mass,Ha Noi,10m_to_25m,A,1967,female
SH0004000,mass,Bac Ninh,10m_to_25m,C,1984,male
